timestamp_utc,coin,funding_rate_1h,funding_rate_8h,funding_rate_24h,interval_hours,taker_ok,maker_ok
2026-04-20 14:31:06,0G,-2.25024e-05,-0.0001800192,-0.0005400576,1,False,False
2026-04-20 14:31:06,2Z,-8.38837e-05,-0.0006710696,-0.0020132088,1,False,False
2026-04-20 14:31:06,AAVE,1.25e-05,0.0001,0.00030000000000000003,1,False,False
2026-04-20 14:31:06,ACE,1.25e-05,0.0001,0.00030000000000000003,1,False,False
2026-04-20 14:31:06,ADA,1.4818e-06,1.18544e-05,3.55632e-05,1,False,False
2026-04-20 14:31:06,AERO,1.25e-05,0.0001,0.00030000000000000003,1,False,False
2026-04-20 14:31:06,AI,0.0,0.0,0.0,1,False,False
2026-04-20 14:31:06,AI16Z,0.0,0.0,0.0,1,False,False
2026-04-20 14:31:06,AIXBT,1.25e-05,0.0001,0.00030000000000000003,1,False,False
2026-04-20 14:31:06,ALGO,1.25e-05,0.0001,0.00030000000000000003,1,False,False
2026-04-20 14:31:06,ALT,-3.79518e-05,-0.0003036144,-0.0009108432,1,False,False
2026-04-20 14:31:06,ANIME,-1.945e-06,-1.556e-05,-4.668e-05,1,False,False
2026-04-20 14:31:06,APE,1.25e-05,0.0001,0.00030000000000000003,1,False,False
2026-04-20 14:31:06,APEX,1.25e-05,0.0001,0.00030000000000000003,1,False,False
2026-04-20 14:31:06,APT,-1.2683e-06,-1.01464e-05,-3.0439199999999998e-05,1,False,False
2026-04-20 14:31:06,AR,1.25e-05,0.0001,0.00030000000000000003,1,False,False
2026-04-20 14:31:06,ARB,-3.7868e-06,-3.02944e-05,-9.08832e-05,1,False,False
2026-04-20 14:31:06,ARK,1.25e-05,0.0001,0.00030000000000000003,1,False,False
2026-04-20 14:31:06,ASTER,1.25e-05,0.0001,0.00030000000000000003,1,False,False
2026-04-20 14:31:06,ATOM,1.25e-05,0.0001,0.00030000000000000003,1,False,False
2026-04-20 14:31:06,AVAX,1.25e-05,0.0001,0.00030000000000000003,1,False,False
2026-04-20 14:31:06,AVNT,1.25e-05,0.0001,0.00030000000000000003,1,False,False
2026-04-20 14:31:06,AXS,-7.46067e-05,-0.0005968536,-0.0017905608000000001,1,False,False
2026-04-20 14:31:06,AZTEC,1.25e-05,0.0001,0.00030000000000000003,1,False,False
2026-04-20 14:31:06,BABY,1.25e-05,0.0001,0.00030000000000000003,1,False,False
2026-04-20 14:31:06,BADGER,0.0,0.0,0.0,1,False,False
2026-04-20 14:31:06,BANANA,-2.44413e-05,-0.0001955304,-0.0005865912,1,False,False
2026-04-20 14:31:06,BCH,1.1494e-05,9.1952e-05,0.000275856,1,False,False
2026-04-20 14:31:06,BERA,1.25e-05,0.0001,0.00030000000000000003,1,False,False
2026-04-20 14:31:06,BIGTIME,1.25e-05,0.0001,0.00030000000000000003,1,False,False
2026-04-20 14:31:06,BIO,-4.45344e-05,-0.0003562752,-0.0010688256,1,False,False
2026-04-20 14:31:06,BLAST,-0.0001519219,-0.0012153752,-0.0036461256,1,False,False
2026-04-20 14:31:06,BLUR,-0.0001302447,-0.0010419576,-0.0031258728000000003,1,False,False
2026-04-20 14:31:06,BLZ,0.0,0.0,0.0,1,False,False
2026-04-20 14:31:06,BNB,1.25e-05,0.0001,0.00030000000000000003,1,False,False
2026-04-20 14:31:06,BNT,0.0,0.0,0.0,1,False,False
2026-04-20 14:31:06,BOME,-0.0001062387,-0.0008499096,-0.0025497288,1,False,False
2026-04-20 14:31:06,BRETT,1.25e-05,0.0001,0.00030000000000000003,1,False,False
2026-04-20 14:31:06,BSV,1.25e-05,0.0001,0.00030000000000000003,1,False,False
2026-04-20 14:31:06,BTC,5.1096e-06,4.08768e-05,0.0001226304,1,False,False
2026-04-20 14:31:06,CAKE,1.25e-05,0.0001,0.00030000000000000003,1,False,False
2026-04-20 14:31:06,CANTO,0.0,0.0,0.0,1,False,False
2026-04-20 14:31:06,CATI,0.0,0.0,0.0,1,False,False
2026-04-20 14:31:06,CC,1.25e-05,0.0001,0.00030000000000000003,1,False,False
2026-04-20 14:31:06,CELO,1.25e-05,0.0001,0.00030000000000000003,1,False,False
2026-04-20 14:31:06,CFX,1.25e-05,0.0001,0.00030000000000000003,1,False,False
2026-04-20 14:31:06,CHILLGUY,1.25e-05,0.0001,0.00030000000000000003,1,False,False
2026-04-20 14:31:06,COMP,-2.83939e-05,-0.0002271512,-0.0006814536,1,False,False
2026-04-20 14:31:06,CRV,-7.5173e-06,-6.01384e-05,-0.0001804152,1,False,False
2026-04-20 14:31:06,CYBER,0.0,0.0,0.0,1,False,False
2026-04-20 14:31:06,DASH,-2.70062e-05,-0.0002160496,-0.0006481487999999999,1,False,False
2026-04-20 14:31:06,DOGE,1.25e-05,0.0001,0.00030000000000000003,1,False,False
2026-04-20 14:31:06,DOOD,1.25e-05,0.0001,0.00030000000000000003,1,False,False
2026-04-20 14:31:06,DOT,-1.2668e-06,-1.01344e-05,-3.04032e-05,1,False,False
2026-04-20 14:31:06,DYDX,1.25e-05,0.0001,0.00030000000000000003,1,False,False
2026-04-20 14:31:06,DYM,1.25e-05,0.0001,0.00030000000000000003,1,False,False
2026-04-20 14:31:06,EIGEN,1.25e-05,0.0001,0.00030000000000000003,1,False,False
2026-04-20 14:31:06,ENA,-1.11744e-05,-8.93952e-05,-0.0002681856,1,False,False
2026-04-20 14:31:06,ENS,1.25e-05,0.0001,0.00030000000000000003,1,False,False
2026-04-20 14:31:06,ETC,-2.7422e-06,-2.19376e-05,-6.58128e-05,1,False,False
2026-04-20 14:31:06,ETH,-1.8519e-06,-1.48152e-05,-4.44456e-05,1,False,False
2026-04-20 14:31:06,ETHFI,5.3095e-06,4.2476e-05,0.000127428,1,False,False
2026-04-20 14:31:06,FARTCOIN,1.25e-05,0.0001,0.00030000000000000003,1,False,False
2026-04-20 14:31:06,FET,-0.0001106897,-0.0008855176,-0.0026565528000000002,1,False,False
2026-04-20 14:31:06,FIL,1.25e-05,0.0001,0.00030000000000000003,1,False,False
2026-04-20 14:31:06,FOGO,1.25e-05,0.0001,0.00030000000000000003,1,False,False
2026-04-20 14:31:06,FRIEND,0.0,0.0,0.0,1,False,False
2026-04-20 14:31:06,FTM,0.0,0.0,0.0,1,False,False
2026-04-20 14:31:06,FTT,1.25e-05,0.0001,0.00030000000000000003,1,False,False
2026-04-20 14:31:06,FXS,0.0,0.0,0.0,1,False,False
2026-04-20 14:31:06,GALA,1.25e-05,0.0001,0.00030000000000000003,1,False,False
2026-04-20 14:31:06,GAS,1.25e-05,0.0001,0.00030000000000000003,1,False,False
2026-04-20 14:31:06,GMT,1.25e-05,0.0001,0.00030000000000000003,1,False,False
2026-04-20 14:31:06,GMX,1.25e-05,0.0001,0.00030000000000000003,1,False,False
2026-04-20 14:31:06,GOAT,1.25e-05,0.0001,0.00030000000000000003,1,False,False
2026-04-20 14:31:06,GRASS,1.25e-05,0.0001,0.00030000000000000003,1,False,False
2026-04-20 14:31:06,GRIFFAIN,1.25e-05,0.0001,0.00030000000000000003,1,False,False
2026-04-20 14:31:06,HBAR,1.25e-05,0.0001,0.00030000000000000003,1,False,False
2026-04-20 14:31:06,HEMI,3.45219e-05,0.0002761752,0.0008285256,1,False,False
2026-04-20 14:31:06,HMSTR,1.25e-05,0.0001,0.00030000000000000003,1,False,False
2026-04-20 14:31:06,HPOS,0.0,0.0,0.0,1,False,False
2026-04-20 14:31:06,HYPE,1.09516e-05,8.76128e-05,0.0002628384,1,False,False
2026-04-20 14:31:06,HYPER,1.25e-05,0.0001,0.00030000000000000003,1,False,False
2026-04-20 14:31:06,ICP,4.0402e-06,3.23216e-05,9.69648e-05,1,False,False
2026-04-20 14:31:06,ILV,0.0,0.0,0.0,1,False,False
2026-04-20 14:31:06,IMX,1.25e-05,0.0001,0.00030000000000000003,1,False,False
2026-04-20 14:31:06,INIT,1.25e-05,0.0001,0.00030000000000000003,1,False,False
2026-04-20 14:31:06,INJ,1.25e-05,0.0001,0.00030000000000000003,1,False,False
2026-04-20 14:31:06,IO,1.25e-05,0.0001,0.00030000000000000003,1,False,False
2026-04-20 14:31:06,IOTA,1.25e-05,0.0001,0.00030000000000000003,1,False,False
2026-04-20 14:31:06,IP,1.25e-05,0.0001,0.00030000000000000003,1,False,False
2026-04-20 14:31:06,JELLY,0.0,0.0,0.0,1,False,False
2026-04-20 14:31:06,JTO,-0.0003738345,-0.002990676,-0.008972028,1,False,True
2026-04-20 14:31:06,JUP,4.1642e-06,3.33136e-05,9.99408e-05,1,False,False
2026-04-20 14:31:06,KAITO,1.25e-05,0.0001,0.00030000000000000003,1,False,False
2026-04-20 14:31:06,KAS,1.25e-05,0.0001,0.00030000000000000003,1,False,False
2026-04-20 14:31:06,LAUNCHCOIN,0.0,0.0,0.0,1,False,False
2026-04-20 14:31:06,LAYER,-9.497e-07,-7.5976e-06,-2.27928e-05,1,False,False
2026-04-20 14:31:06,LDO,1.25e-05,0.0001,0.00030000000000000003,1,False,False
2026-04-20 14:31:06,LINEA,1.25e-05,0.0001,0.00030000000000000003,1,False,False
2026-04-20 14:31:06,LINK,1.25e-05,0.0001,0.00030000000000000003,1,False,False
2026-04-20 14:31:06,LISTA,0.0,0.0,0.0,1,False,False
2026-04-20 14:31:06,LIT,1.25e-05,0.0001,0.00030000000000000003,1,False,False
2026-04-20 14:31:06,LOOM,0.0,0.0,0.0,1,False,False
2026-04-20 14:31:06,LTC,1.25e-05,0.0001,0.00030000000000000003,1,False,False
2026-04-20 14:31:06,MANTA,1.0027e-05,8.0216e-05,0.00024064800000000002,1,False,False
2026-04-20 14:31:06,MATIC,0.0,0.0,0.0,1,False,False
2026-04-20 14:31:06,MAV,1.25e-05,0.0001,0.00030000000000000003,1,False,False
2026-04-20 14:31:06,MAVIA,0.0007799473,0.0062395784,0.0187187352,1,False,True
2026-04-20 14:31:06,ME,1.25e-05,0.0001,0.00030000000000000003,1,False,False
2026-04-20 14:31:06,MEGA,1.25e-05,0.0001,0.00030000000000000003,1,False,False
2026-04-20 14:31:06,MELANIA,1.25e-05,0.0001,0.00030000000000000003,1,False,False
2026-04-20 14:31:06,MEME,-0.0001497031,-0.0011976248,-0.0035928744000000004,1,False,False
2026-04-20 14:31:06,MERL,-4.3599e-06,-3.48792e-05,-0.00010463760000000001,1,False,False
2026-04-20 14:31:06,MET,1.25e-05,0.0001,0.00030000000000000003,1,False,False
2026-04-20 14:31:06,MEW,1.25e-05,0.0001,0.00030000000000000003,1,False,False
2026-04-20 14:31:06,MINA,1.25e-05,0.0001,0.00030000000000000003,1,False,False
2026-04-20 14:31:06,MKR,0.0,0.0,0.0,1,False,False
2026-04-20 14:31:06,MNT,1.25e-05,0.0001,0.00030000000000000003,1,False,False
2026-04-20 14:31:06,MON,1.25e-05,0.0001,0.00030000000000000003,1,False,False
2026-04-20 14:31:06,MOODENG,1.25e-05,0.0001,0.00030000000000000003,1,False,False
2026-04-20 14:31:06,MORPHO,-2.23296e-05,-0.0001786368,-0.0005359104,1,False,False
2026-04-20 14:31:06,MOVE,-0.0001071006,-0.0008568048,-0.0025704144,1,False,False
2026-04-20 14:31:06,MYRO,0.0,0.0,0.0,1,False,False
2026-04-20 14:31:06,NEAR,1.25e-05,0.0001,0.00030000000000000003,1,False,False
2026-04-20 14:31:06,NEIROETH,0.0,0.0,0.0,1,False,False
2026-04-20 14:31:06,NEO,1.25e-05,0.0001,0.00030000000000000003,1,False,False
2026-04-20 14:31:06,NFTI,0.0,0.0,0.0,1,False,False
2026-04-20 14:31:06,NIL,1.25e-05,0.0001,0.00030000000000000003,1,False,False
2026-04-20 14:31:06,NOT,-1.43748e-05,-0.0001149984,-0.0003449952,1,False,False
2026-04-20 14:31:06,NTRN,0.0,0.0,0.0,1,False,False
2026-04-20 14:31:06,NXPC,1.25e-05,0.0001,0.00030000000000000003,1,False,False
2026-04-20 14:31:06,OGN,0.0,0.0,0.0,1,False,False
2026-04-20 14:31:06,OM,0.0,0.0,0.0,1,False,False
2026-04-20 14:31:06,OMNI,0.0,0.0,0.0,1,False,False
2026-04-20 14:31:06,ONDO,1.25e-05,0.0001,0.00030000000000000003,1,False,False
2026-04-20 14:31:06,OP,-8.64528e-05,-0.0006916224,-0.0020748672,1,False,False
2026-04-20 14:31:06,ORBS,0.0,0.0,0.0,1,False,False
2026-04-20 14:31:06,ORDI,1.25e-05,0.0001,0.00030000000000000003,1,False,False
2026-04-20 14:31:06,OX,0.0,0.0,0.0,1,False,False
2026-04-20 14:31:06,PANDORA,0.0,0.0,0.0,1,False,False
2026-04-20 14:31:06,PAXG,1.25e-05,0.0001,0.00030000000000000003,1,False,False
2026-04-20 14:31:06,PENDLE,1.25e-05,0.0001,0.00030000000000000003,1,False,False
2026-04-20 14:31:06,PENGU,1.25e-05,0.0001,0.00030000000000000003,1,False,False
2026-04-20 14:31:06,PEOPLE,1.25e-05,0.0001,0.00030000000000000003,1,False,False
2026-04-20 14:31:06,PIXEL,0.0,0.0,0.0,1,False,False
2026-04-20 14:31:06,PNUT,-5.03598e-05,-0.0004028784,-0.0012086352,1,False,False
2026-04-20 14:31:06,POL,1.25e-05,0.0001,0.00030000000000000003,1,False,False
2026-04-20 14:31:06,POLYX,1.25e-05,0.0001,0.00030000000000000003,1,False,False
2026-04-20 14:31:06,POPCAT,1.25e-05,0.0001,0.00030000000000000003,1,False,False
2026-04-20 14:31:06,PROMPT,5.04972e-05,0.0004039776,0.0012119328,1,False,False
2026-04-20 14:31:06,PROVE,-4.783e-06,-3.8264e-05,-0.000114792,1,False,False
2026-04-20 14:31:06,PUMP,9.1747e-06,7.33976e-05,0.00022019280000000002,1,False,False
2026-04-20 14:31:06,PURR,1.25e-05,0.0001,0.00030000000000000003,1,False,False
2026-04-20 14:31:06,PYTH,-1.06227e-05,-8.49816e-05,-0.0002549448,1,False,False
2026-04-20 14:31:06,RDNT,0.0,0.0,0.0,1,False,False
2026-04-20 14:31:06,RENDER,1.25e-05,0.0001,0.00030000000000000003,1,False,False
2026-04-20 14:31:06,REQ,0.0,0.0,0.0,1,False,False
2026-04-20 14:31:06,RESOLV,1.25e-05,0.0001,0.00030000000000000003,1,False,False
2026-04-20 14:31:06,REZ,-6.55146e-05,-0.0005241168,-0.0015723503999999998,1,False,False
2026-04-20 14:31:06,RLB,0.0,0.0,0.0,1,False,False
2026-04-20 14:31:06,RNDR,0.0,0.0,0.0,1,False,False
2026-04-20 14:31:06,RSR,1.25e-05,0.0001,0.00030000000000000003,1,False,False
2026-04-20 14:31:06,RUNE,1.25e-05,0.0001,0.00030000000000000003,1,False,False
2026-04-20 14:31:06,S,1.25e-05,0.0001,0.00030000000000000003,1,False,False
2026-04-20 14:31:06,SAGA,1.25e-05,0.0001,0.00030000000000000003,1,False,False
2026-04-20 14:31:06,SAND,1.25e-05,0.0001,0.00030000000000000003,1,False,False
2026-04-20 14:31:06,SCR,1.25e-05,0.0001,0.00030000000000000003,1,False,False
2026-04-20 14:31:06,SEI,-3.91e-07,-3.128e-06,-9.384e-06,1,False,False
2026-04-20 14:31:06,SHIA,0.0,0.0,0.0,1,False,False
2026-04-20 14:31:06,SKR,1.25e-05,0.0001,0.00030000000000000003,1,False,False
2026-04-20 14:31:06,SKY,1.25e-05,0.0001,0.00030000000000000003,1,False,False
2026-04-20 14:31:06,SNX,1.25e-05,0.0001,0.00030000000000000003,1,False,False
2026-04-20 14:31:06,SOL,7.4874e-06,5.98992e-05,0.0001796976,1,False,False
2026-04-20 14:31:06,SOPH,1.25e-05,0.0001,0.00030000000000000003,1,False,False
2026-04-20 14:31:06,SPX,1.25e-05,0.0001,0.00030000000000000003,1,False,False
2026-04-20 14:31:06,STABLE,-0.0001633276,-0.0013066208,-0.0039198624,1,False,False
2026-04-20 14:31:06,STBL,5.46858e-05,0.0004374864,0.0013124591999999998,1,False,False
2026-04-20 14:31:06,STG,0.0,0.0,0.0,1,False,False
2026-04-20 14:31:06,STRAX,0.0,0.0,0.0,1,False,False
2026-04-20 14:31:06,STRK,1.25e-05,0.0001,0.00030000000000000003,1,False,False
2026-04-20 14:31:06,STX,-1.05509e-05,-8.44072e-05,-0.00025322159999999997,1,False,False
2026-04-20 14:31:06,SUI,1.25e-05,0.0001,0.00030000000000000003,1,False,False
2026-04-20 14:31:06,SUPER,-0.0010909802,-0.0087278416,-0.026183524799999996,1,True,True
2026-04-20 14:31:06,SUSHI,-5.0476e-06,-4.03808e-05,-0.0001211424,1,False,False
2026-04-20 14:31:06,SYRUP,1.25e-05,0.0001,0.00030000000000000003,1,False,False
2026-04-20 14:31:06,TAO,-2.39947e-05,-0.0001919576,-0.0005758728,1,False,False
2026-04-20 14:31:06,TIA,-1.2823e-05,-0.000102584,-0.000307752,1,False,False
2026-04-20 14:31:06,TNSR,1.25e-05,0.0001,0.00030000000000000003,1,False,False
2026-04-20 14:31:06,TON,1.25e-05,0.0001,0.00030000000000000003,1,False,False
2026-04-20 14:31:06,TRB,1.25e-05,0.0001,0.00030000000000000003,1,False,False
2026-04-20 14:31:06,TRUMP,-3.21949e-05,-0.0002575592,-0.0007726776,1,False,False
2026-04-20 14:31:06,TRX,6.6119e-06,5.28952e-05,0.0001586856,1,False,False
2026-04-20 14:31:06,TST,1.49581e-05,0.0001196648,0.0003589944,1,False,False
2026-04-20 14:31:06,TURBO,-2.42219e-05,-0.0001937752,-0.0005813255999999999,1,False,False
2026-04-20 14:31:06,UMA,-4.53604e-05,-0.0003628832,-0.0010886496,1,False,False
2026-04-20 14:31:06,UNI,1.25e-05,0.0001,0.00030000000000000003,1,False,False
2026-04-20 14:31:06,UNIBOT,0.0,0.0,0.0,1,False,False
2026-04-20 14:31:06,USTC,1.25e-05,0.0001,0.00030000000000000003,1,False,False
2026-04-20 14:31:06,USUAL,1.25e-05,0.0001,0.00030000000000000003,1,False,False
2026-04-20 14:31:06,VINE,5.55886e-05,0.0004447088,0.0013341263999999999,1,False,False
2026-04-20 14:31:06,VIRTUAL,1.25e-05,0.0001,0.00030000000000000003,1,False,False
2026-04-20 14:31:06,VVV,1.25e-05,0.0001,0.00030000000000000003,1,False,False
2026-04-20 14:31:06,W,3.0155e-06,2.4124e-05,7.2372e-05,1,False,False
2026-04-20 14:31:06,WCT,1.25e-05,0.0001,0.00030000000000000003,1,False,False
2026-04-20 14:31:06,WIF,1.25e-05,0.0001,0.00030000000000000003,1,False,False
2026-04-20 14:31:06,WLD,-8.06484e-05,-0.0006451872,-0.0019355616000000001,1,False,False
2026-04-20 14:31:06,WLFI,6.7249e-06,5.37992e-05,0.0001613976,1,False,False
2026-04-20 14:31:06,XAI,1.25e-05,0.0001,0.00030000000000000003,1,False,False
2026-04-20 14:31:06,XLM,1.25e-05,0.0001,0.00030000000000000003,1,False,False
2026-04-20 14:31:06,XMR,4.05707e-05,0.0003245656,0.0009736968000000001,1,False,False
2026-04-20 14:31:06,XPL,1.25e-05,0.0001,0.00030000000000000003,1,False,False
2026-04-20 14:31:06,XRP,-4.7758e-06,-3.82064e-05,-0.00011461920000000001,1,False,False
2026-04-20 14:31:06,YGG,1.25e-05,0.0001,0.00030000000000000003,1,False,False
2026-04-20 14:31:06,YZY,1.25e-05,0.0001,0.00030000000000000003,1,False,False
2026-04-20 14:31:06,ZEC,1.25e-05,0.0001,0.00030000000000000003,1,False,False
2026-04-20 14:31:06,ZEN,-7.1445e-06,-5.7156e-05,-0.000171468,1,False,False
2026-04-20 14:31:06,ZEREBRO,1.25e-05,0.0001,0.00030000000000000003,1,False,False
2026-04-20 14:31:06,ZETA,1.25e-05,0.0001,0.00030000000000000003,1,False,False
2026-04-20 14:31:06,ZK,1.25e-05,0.0001,0.00030000000000000003,1,False,False
2026-04-20 14:31:06,ZORA,1.25e-05,0.0001,0.00030000000000000003,1,False,False
2026-04-20 14:31:06,ZRO,1.25e-05,0.0001,0.00030000000000000003,1,False,False
2026-04-20 14:31:06,kBONK,1.25e-05,0.0001,0.00030000000000000003,1,False,False
2026-04-20 14:31:06,kDOGS,0.0,0.0,0.0,1,False,False
2026-04-20 14:31:06,kFLOKI,-3.00394e-05,-0.0002403152,-0.0007209456,1,False,False
2026-04-20 14:31:06,kLUNC,-3.4456e-05,-0.000275648,-0.0008269439999999999,1,False,False
2026-04-20 14:31:06,kNEIRO,-5.14737e-05,-0.0004117896,-0.0012353688,1,False,False
2026-04-20 14:31:06,kPEPE,6.3621e-06,5.08968e-05,0.0001526904,1,False,False
2026-04-20 14:31:06,kSHIB,2.9089e-06,2.32712e-05,6.981359999999999e-05,1,False,False
2026-04-20 15:07:00,0G,1.4958e-06,1.19664e-05,3.58992e-05,1,False,False
2026-04-20 15:07:00,2Z,-3.8038e-05,-0.000304304,-0.0009129119999999999,1,False,False
2026-04-20 15:07:00,AAVE,1.25e-05,0.0001,0.00030000000000000003,1,False,False
2026-04-20 15:07:00,ACE,1.25e-05,0.0001,0.00030000000000000003,1,False,False
2026-04-20 15:07:00,ADA,-1.342e-06,-1.0736e-05,-3.2208e-05,1,False,False
2026-04-20 15:07:00,AERO,1.25e-05,0.0001,0.00030000000000000003,1,False,False
2026-04-20 15:07:00,AI,0.0,0.0,0.0,1,False,False
2026-04-20 15:07:00,AI16Z,0.0,0.0,0.0,1,False,False
2026-04-20 15:07:00,AIXBT,1.25e-05,0.0001,0.00030000000000000003,1,False,False
2026-04-20 15:07:00,ALGO,1.25e-05,0.0001,0.00030000000000000003,1,False,False
2026-04-20 15:07:00,ALT,-6.21931e-05,-0.0004975448,-0.0014926344,1,False,False
2026-04-20 15:07:00,ANIME,-1.43474e-05,-0.0001147792,-0.0003443376,1,False,False
2026-04-20 15:07:00,APE,1.25e-05,0.0001,0.00030000000000000003,1,False,False
2026-04-20 15:07:00,APEX,1.25e-05,0.0001,0.00030000000000000003,1,False,False
2026-04-20 15:07:00,APT,1.25e-05,0.0001,0.00030000000000000003,1,False,False
2026-04-20 15:07:00,AR,1.25e-05,0.0001,0.00030000000000000003,1,False,False
2026-04-20 15:07:00,ARB,3.378e-06,2.7024e-05,8.1072e-05,1,False,False
2026-04-20 15:07:00,ARK,1.25e-05,0.0001,0.00030000000000000003,1,False,False
2026-04-20 15:07:00,ASTER,1.25e-05,0.0001,0.00030000000000000003,1,False,False
2026-04-20 15:07:00,ATOM,1.25e-05,0.0001,0.00030000000000000003,1,False,False
2026-04-20 15:07:00,AVAX,7.0004e-06,5.60032e-05,0.00016800959999999998,1,False,False
2026-04-20 15:07:00,AVNT,6.5594e-06,5.24752e-05,0.0001574256,1,False,False
2026-04-20 15:07:00,AXS,-6.73788e-05,-0.0005390304,-0.0016170912000000003,1,False,False
2026-04-20 15:07:00,AZTEC,1.25e-05,0.0001,0.00030000000000000003,1,False,False
2026-04-20 15:07:00,BABY,1.25e-05,0.0001,0.00030000000000000003,1,False,False
2026-04-20 15:07:00,BADGER,0.0,0.0,0.0,1,False,False
2026-04-20 15:07:00,BANANA,1.25e-05,0.0001,0.00030000000000000003,1,False,False
2026-04-20 15:07:00,BCH,9.5707e-06,7.65656e-05,0.0002296968,1,False,False
2026-04-20 15:07:00,BERA,1.25e-05,0.0001,0.00030000000000000003,1,False,False
2026-04-20 15:07:00,BIGTIME,9.1159e-06,7.29272e-05,0.00021878160000000002,1,False,False
2026-04-20 15:07:00,BIO,-5.55876e-05,-0.0004447008,-0.0013341024000000001,1,False,False
2026-04-20 15:07:00,BLAST,-3.41924e-05,-0.0002735392,-0.0008206176,1,False,False
2026-04-20 15:07:00,BLUR,-0.0001688767,-0.0013510136,-0.0040530408,1,False,False
2026-04-20 15:07:00,BLZ,0.0,0.0,0.0,1,False,False
2026-04-20 15:07:00,BNB,1.25e-05,0.0001,0.00030000000000000003,1,False,False
2026-04-20 15:07:00,BNT,0.0,0.0,0.0,1,False,False
2026-04-20 15:07:00,BOME,-5.84086e-05,-0.0004672688,-0.0014018064,1,False,False
2026-04-20 15:07:00,BRETT,1.25e-05,0.0001,0.00030000000000000003,1,False,False
2026-04-20 15:07:00,BSV,1.25e-05,0.0001,0.00030000000000000003,1,False,False
2026-04-20 15:07:00,BTC,-1.11899e-05,-8.95192e-05,-0.0002685576,1,False,False
2026-04-20 15:07:00,CAKE,1.25e-05,0.0001,0.00030000000000000003,1,False,False
2026-04-20 15:07:00,CANTO,0.0,0.0,0.0,1,False,False
2026-04-20 15:07:00,CATI,0.0,0.0,0.0,1,False,False
2026-04-20 15:07:00,CC,1.25e-05,0.0001,0.00030000000000000003,1,False,False
2026-04-20 15:07:00,CELO,1.25e-05,0.0001,0.00030000000000000003,1,False,False
2026-04-20 15:07:00,CFX,1.25e-05,0.0001,0.00030000000000000003,1,False,False
2026-04-20 15:07:00,CHILLGUY,1.25e-05,0.0001,0.00030000000000000003,1,False,False
2026-04-20 15:07:00,COMP,-0.0001406678,-0.0011253424,-0.0033760272000000003,1,False,False
2026-04-20 15:07:00,CRV,-1.11831e-05,-8.94648e-05,-0.0002683944,1,False,False
2026-04-20 15:07:00,CYBER,0.0,0.0,0.0,1,False,False
2026-04-20 15:07:00,DASH,3.4963e-06,2.79704e-05,8.39112e-05,1,False,False
2026-04-20 15:07:00,DOGE,4.8063e-06,3.84504e-05,0.0001153512,1,False,False
2026-04-20 15:07:00,DOOD,8.824e-06,7.0592e-05,0.000211776,1,False,False
2026-04-20 15:07:00,DOT,-1.3138e-05,-0.000105104,-0.000315312,1,False,False
2026-04-20 15:07:00,DYDX,1.25e-05,0.0001,0.00030000000000000003,1,False,False
2026-04-20 15:07:00,DYM,-1.25359e-05,-0.0001002872,-0.0003008616,1,False,False
2026-04-20 15:07:00,EIGEN,1.25e-05,0.0001,0.00030000000000000003,1,False,False
2026-04-20 15:07:00,ENA,-2.46652e-05,-0.0001973216,-0.0005919648,1,False,False
2026-04-20 15:07:00,ENS,1.25e-05,0.0001,0.00030000000000000003,1,False,False
2026-04-20 15:07:00,ETC,1.25e-05,0.0001,0.00030000000000000003,1,False,False
2026-04-20 15:07:00,ETH,1.2352e-06,9.8816e-06,2.96448e-05,1,False,False
2026-04-20 15:07:00,ETHFI,1.25e-05,0.0001,0.00030000000000000003,1,False,False
2026-04-20 15:07:00,FARTCOIN,1.25e-05,0.0001,0.00030000000000000003,1,False,False
2026-04-20 15:07:00,FET,-9.80306e-05,-0.0007842448,-0.0023527343999999997,1,False,False
2026-04-20 15:07:00,FIL,1.25e-05,0.0001,0.00030000000000000003,1,False,False
2026-04-20 15:07:00,FOGO,1.25e-05,0.0001,0.00030000000000000003,1,False,False
2026-04-20 15:07:00,FRIEND,0.0,0.0,0.0,1,False,False
2026-04-20 15:07:00,FTM,0.0,0.0,0.0,1,False,False
2026-04-20 15:07:00,FTT,1.25e-05,0.0001,0.00030000000000000003,1,False,False
2026-04-20 15:07:00,FXS,0.0,0.0,0.0,1,False,False
2026-04-20 15:07:00,GALA,1.25e-05,0.0001,0.00030000000000000003,1,False,False
2026-04-20 15:07:00,GAS,-3.98371e-05,-0.0003186968,-0.0009560904,1,False,False
2026-04-20 15:07:00,GMT,1.25e-05,0.0001,0.00030000000000000003,1,False,False
2026-04-20 15:07:00,GMX,1.25e-05,0.0001,0.00030000000000000003,1,False,False
2026-04-20 15:07:00,GOAT,1.25e-05,0.0001,0.00030000000000000003,1,False,False
2026-04-20 15:07:00,GRASS,1.25e-05,0.0001,0.00030000000000000003,1,False,False
2026-04-20 15:07:00,GRIFFAIN,1.25e-05,0.0001,0.00030000000000000003,1,False,False
2026-04-20 15:07:00,HBAR,1.25e-05,0.0001,0.00030000000000000003,1,False,False
2026-04-20 15:07:00,HEMI,5.01626e-05,0.0004013008,0.0012039023999999999,1,False,False
2026-04-20 15:07:00,HMSTR,1.25e-05,0.0001,0.00030000000000000003,1,False,False
2026-04-20 15:07:00,HPOS,0.0,0.0,0.0,1,False,False
2026-04-20 15:07:00,HYPE,1.6587e-06,1.32696e-05,3.9808800000000004e-05,1,False,False
2026-04-20 15:07:00,HYPER,1.25e-05,0.0001,0.00030000000000000003,1,False,False
2026-04-20 15:07:00,ICP,-2.74656e-05,-0.0002197248,-0.0006591744,1,False,False
2026-04-20 15:07:00,ILV,0.0,0.0,0.0,1,False,False
2026-04-20 15:07:00,IMX,1.25e-05,0.0001,0.00030000000000000003,1,False,False
2026-04-20 15:07:00,INIT,1.25e-05,0.0001,0.00030000000000000003,1,False,False
2026-04-20 15:07:00,INJ,1.25e-05,0.0001,0.00030000000000000003,1,False,False
2026-04-20 15:07:00,IO,2.7547e-06,2.20376e-05,6.611280000000001e-05,1,False,False
2026-04-20 15:07:00,IOTA,1.25e-05,0.0001,0.00030000000000000003,1,False,False
2026-04-20 15:07:00,IP,1.00036e-05,8.00288e-05,0.0002400864,1,False,False
2026-04-20 15:07:00,JELLY,0.0,0.0,0.0,1,False,False
2026-04-20 15:07:00,JTO,-9.74158e-05,-0.0007793264,-0.0023379792,1,False,False
2026-04-20 15:07:00,JUP,1.25e-07,1e-06,3e-06,1,False,False
2026-04-20 15:07:00,KAITO,-2.845e-06,-2.276e-05,-6.827999999999999e-05,1,False,False
2026-04-20 15:07:00,KAS,1.25e-05,0.0001,0.00030000000000000003,1,False,False
2026-04-20 15:07:00,LAUNCHCOIN,0.0,0.0,0.0,1,False,False
2026-04-20 15:07:00,LAYER,1.25e-05,0.0001,0.00030000000000000003,1,False,False
2026-04-20 15:07:00,LDO,1.08718e-05,8.69744e-05,0.0002609232,1,False,False
2026-04-20 15:07:00,LINEA,1.25e-05,0.0001,0.00030000000000000003,1,False,False
2026-04-20 15:07:00,LINK,1.13971e-05,9.11768e-05,0.0002735304,1,False,False
2026-04-20 15:07:00,LISTA,0.0,0.0,0.0,1,False,False
2026-04-20 15:07:00,LIT,1.25e-05,0.0001,0.00030000000000000003,1,False,False
2026-04-20 15:07:00,LOOM,0.0,0.0,0.0,1,False,False
2026-04-20 15:07:00,LTC,1.25e-05,0.0001,0.00030000000000000003,1,False,False
2026-04-20 15:07:00,MANTA,-3.02855e-05,-0.000242284,-0.000726852,1,False,False
2026-04-20 15:07:00,MATIC,0.0,0.0,0.0,1,False,False
2026-04-20 15:07:00,MAV,1.25e-05,0.0001,0.00030000000000000003,1,False,False
2026-04-20 15:07:00,MAVIA,0.0008506798,0.0068054384,0.0204163152,1,False,True
2026-04-20 15:07:00,ME,1.25e-05,0.0001,0.00030000000000000003,1,False,False
2026-04-20 15:07:00,MEGA,1.25e-05,0.0001,0.00030000000000000003,1,False,False
2026-04-20 15:07:00,MELANIA,1.25e-05,0.0001,0.00030000000000000003,1,False,False
2026-04-20 15:07:00,MEME,-0.0001305313,-0.0010442504,-0.0031327511999999997,1,False,False
2026-04-20 15:07:00,MERL,1.25e-05,0.0001,0.00030000000000000003,1,False,False
2026-04-20 15:07:00,MET,1.25e-05,0.0001,0.00030000000000000003,1,False,False
2026-04-20 15:07:00,MEW,1.25e-05,0.0001,0.00030000000000000003,1,False,False
2026-04-20 15:07:00,MINA,1.25e-05,0.0001,0.00030000000000000003,1,False,False
2026-04-20 15:07:00,MKR,0.0,0.0,0.0,1,False,False
2026-04-20 15:07:00,MNT,1.25e-05,0.0001,0.00030000000000000003,1,False,False
2026-04-20 15:07:00,MON,-0.0001146764,-0.0009174112,-0.0027522336,1,False,False
2026-04-20 15:07:00,MOODENG,1.16383e-05,9.31064e-05,0.0002793192,1,False,False
2026-04-20 15:07:00,MORPHO,-1.41643e-05,-0.0001133144,-0.00033994319999999995,1,False,False
2026-04-20 15:07:00,MOVE,1.25e-05,0.0001,0.00030000000000000003,1,False,False
2026-04-20 15:07:00,MYRO,0.0,0.0,0.0,1,False,False
2026-04-20 15:07:00,NEAR,1.25e-05,0.0001,0.00030000000000000003,1,False,False
2026-04-20 15:07:00,NEIROETH,0.0,0.0,0.0,1,False,False
2026-04-20 15:07:00,NEO,1.25e-05,0.0001,0.00030000000000000003,1,False,False
2026-04-20 15:07:00,NFTI,0.0,0.0,0.0,1,False,False
2026-04-20 15:07:00,NIL,1.25e-05,0.0001,0.00030000000000000003,1,False,False
2026-04-20 15:07:00,NOT,1.25e-05,0.0001,0.00030000000000000003,1,False,False
2026-04-20 15:07:00,NTRN,0.0,0.0,0.0,1,False,False
2026-04-20 15:07:00,NXPC,1.25e-05,0.0001,0.00030000000000000003,1,False,False
2026-04-20 15:07:00,OGN,0.0,0.0,0.0,1,False,False
2026-04-20 15:07:00,OM,0.0,0.0,0.0,1,False,False
2026-04-20 15:07:00,OMNI,0.0,0.0,0.0,1,False,False
2026-04-20 15:07:00,ONDO,1.25e-05,0.0001,0.00030000000000000003,1,False,False
2026-04-20 15:07:00,OP,-9.48836e-05,-0.0007590688,-0.0022772063999999996,1,False,False
2026-04-20 15:07:00,ORBS,0.0,0.0,0.0,1,False,False
2026-04-20 15:07:00,ORDI,1.25e-05,0.0001,0.00030000000000000003,1,False,False
2026-04-20 15:07:00,OX,0.0,0.0,0.0,1,False,False
2026-04-20 15:07:00,PANDORA,0.0,0.0,0.0,1,False,False
2026-04-20 15:07:00,PAXG,1.25e-05,0.0001,0.00030000000000000003,1,False,False
2026-04-20 15:07:00,PENDLE,1.25e-05,0.0001,0.00030000000000000003,1,False,False
2026-04-20 15:07:00,PENGU,1.25e-05,0.0001,0.00030000000000000003,1,False,False
2026-04-20 15:07:00,PEOPLE,1.25e-05,0.0001,0.00030000000000000003,1,False,False
2026-04-20 15:07:00,PIXEL,0.0,0.0,0.0,1,False,False
2026-04-20 15:07:00,PNUT,-5.50722e-05,-0.0004405776,-0.0013217328,1,False,False
2026-04-20 15:07:00,POL,1.25e-05,0.0001,0.00030000000000000003,1,False,False
2026-04-20 15:07:00,POLYX,1.25e-05,0.0001,0.00030000000000000003,1,False,False
2026-04-20 15:07:00,POPCAT,1.25e-05,0.0001,0.00030000000000000003,1,False,False
2026-04-20 15:07:00,PROMPT,1.25e-05,0.0001,0.00030000000000000003,1,False,False
2026-04-20 15:07:00,PROVE,-8.7931e-06,-7.03448e-05,-0.0002110344,1,False,False
2026-04-20 15:07:00,PUMP,7.0765e-06,5.6612e-05,0.000169836,1,False,False
2026-04-20 15:07:00,PURR,1.25e-05,0.0001,0.00030000000000000003,1,False,False
2026-04-20 15:07:00,PYTH,-2.2977e-05,-0.000183816,-0.000551448,1,False,False
2026-04-20 15:07:00,RDNT,0.0,0.0,0.0,1,False,False
2026-04-20 15:07:00,RENDER,1.25e-05,0.0001,0.00030000000000000003,1,False,False
2026-04-20 15:07:00,REQ,0.0,0.0,0.0,1,False,False
2026-04-20 15:07:00,RESOLV,1.11897e-05,8.95176e-05,0.00026855280000000003,1,False,False
2026-04-20 15:07:00,REZ,1.25e-05,0.0001,0.00030000000000000003,1,False,False
2026-04-20 15:07:00,RLB,0.0,0.0,0.0,1,False,False
2026-04-20 15:07:00,RNDR,0.0,0.0,0.0,1,False,False
2026-04-20 15:07:00,RSR,1.25e-05,0.0001,0.00030000000000000003,1,False,False
2026-04-20 15:07:00,RUNE,1.25e-05,0.0001,0.00030000000000000003,1,False,False
2026-04-20 15:07:00,S,1.25e-05,0.0001,0.00030000000000000003,1,False,False
2026-04-20 15:07:00,SAGA,1.25e-05,0.0001,0.00030000000000000003,1,False,False
2026-04-20 15:07:00,SAND,1.25e-05,0.0001,0.00030000000000000003,1,False,False
2026-04-20 15:07:00,SCR,1.25e-05,0.0001,0.00030000000000000003,1,False,False
2026-04-20 15:07:00,SEI,1.25e-05,0.0001,0.00030000000000000003,1,False,False
2026-04-20 15:07:00,SHIA,0.0,0.0,0.0,1,False,False
2026-04-20 15:07:00,SKR,1.25e-05,0.0001,0.00030000000000000003,1,False,False
2026-04-20 15:07:00,SKY,1.25e-05,0.0001,0.00030000000000000003,1,False,False
2026-04-20 15:07:00,SNX,1.19203e-05,9.53624e-05,0.0002860872,1,False,False
2026-04-20 15:07:00,SOL,-1.33795e-05,-0.000107036,-0.00032110799999999996,1,False,False
2026-04-20 15:07:00,SOPH,1.25e-05,0.0001,0.00030000000000000003,1,False,False
2026-04-20 15:07:00,SPX,1.25e-05,0.0001,0.00030000000000000003,1,False,False
2026-04-20 15:07:00,STABLE,-9.83525e-05,-0.00078682,-0.00236046,1,False,False
2026-04-20 15:07:00,STBL,1.25e-05,0.0001,0.00030000000000000003,1,False,False
2026-04-20 15:07:00,STG,0.0,0.0,0.0,1,False,False
2026-04-20 15:07:00,STRAX,0.0,0.0,0.0,1,False,False
2026-04-20 15:07:00,STRK,1.25e-05,0.0001,0.00030000000000000003,1,False,False
2026-04-20 15:07:00,STX,1.25e-05,0.0001,0.00030000000000000003,1,False,False
2026-04-20 15:07:00,SUI,5.9598e-06,4.76784e-05,0.0001430352,1,False,False
2026-04-20 15:07:00,SUPER,-0.0013002292,-0.0104018336,-0.0312055008,1,True,True
2026-04-20 15:07:00,SUSHI,1.25e-05,0.0001,0.00030000000000000003,1,False,False
2026-04-20 15:07:00,SYRUP,1.25e-05,0.0001,0.00030000000000000003,1,False,False
2026-04-20 15:07:00,TAO,-5.52227e-05,-0.0004417816,-0.0013253448,1,False,False
2026-04-20 15:07:00,TIA,5.0166e-06,4.01328e-05,0.00012039840000000001,1,False,False
2026-04-20 15:07:00,TNSR,1.25e-05,0.0001,0.00030000000000000003,1,False,False
2026-04-20 15:07:00,TON,-3.2048e-05,-0.000256384,-0.000769152,1,False,False
2026-04-20 15:07:00,TRB,1.25e-05,0.0001,0.00030000000000000003,1,False,False
2026-04-20 15:07:00,TRUMP,1.25e-05,0.0001,0.00030000000000000003,1,False,False
2026-04-20 15:07:00,TRX,4.1076e-06,3.28608e-05,9.85824e-05,1,False,False
2026-04-20 15:07:00,TST,3.09763e-05,0.0002478104,0.0007434312,1,False,False
2026-04-20 15:07:00,TURBO,-2.63501e-05,-0.0002108008,-0.0006324024,1,False,False
2026-04-20 15:07:00,UMA,6.8789e-06,5.50312e-05,0.00016509360000000001,1,False,False
2026-04-20 15:07:00,UNI,1.25e-05,0.0001,0.00030000000000000003,1,False,False
2026-04-20 15:07:00,UNIBOT,0.0,0.0,0.0,1,False,False
2026-04-20 15:07:00,USTC,1.25e-05,0.0001,0.00030000000000000003,1,False,False
2026-04-20 15:07:00,USUAL,1.25e-05,0.0001,0.00030000000000000003,1,False,False
2026-04-20 15:07:00,VINE,5.16374e-05,0.0004130992,0.0012392976,1,False,False
2026-04-20 15:07:00,VIRTUAL,1.25e-05,0.0001,0.00030000000000000003,1,False,False
2026-04-20 15:07:00,VVV,1.25e-05,0.0001,0.00030000000000000003,1,False,False
2026-04-20 15:07:00,W,-1.198e-07,-9.584e-07,-2.8752e-06,1,False,False
2026-04-20 15:07:00,WCT,1.25e-05,0.0001,0.00030000000000000003,1,False,False
2026-04-20 15:07:00,WIF,1.25e-05,0.0001,0.00030000000000000003,1,False,False
2026-04-20 15:07:00,WLD,-0.0001306959,-0.0010455672,-0.0031367015999999998,1,False,False
2026-04-20 15:07:00,WLFI,-1.00299e-05,-8.02392e-05,-0.0002407176,1,False,False
2026-04-20 15:07:00,XAI,1.25e-05,0.0001,0.00030000000000000003,1,False,False
2026-04-20 15:07:00,XLM,1.25e-05,0.0001,0.00030000000000000003,1,False,False
2026-04-20 15:07:00,XMR,2.41471e-05,0.0001931768,0.0005795304,1,False,False
2026-04-20 15:07:00,XPL,1.25e-05,0.0001,0.00030000000000000003,1,False,False
2026-04-20 15:07:00,XRP,-5.5881e-06,-4.47048e-05,-0.00013411439999999998,1,False,False
2026-04-20 15:07:00,YGG,7.9109e-06,6.32872e-05,0.00018986160000000003,1,False,False
2026-04-20 15:07:00,YZY,1.25e-05,0.0001,0.00030000000000000003,1,False,False
2026-04-20 15:07:00,ZEC,1.25e-05,0.0001,0.00030000000000000003,1,False,False
2026-04-20 15:07:00,ZEN,-6.7532e-06,-5.40256e-05,-0.00016207679999999999,1,False,False
2026-04-20 15:07:00,ZEREBRO,1.25e-05,0.0001,0.00030000000000000003,1,False,False
2026-04-20 15:07:00,ZETA,-2.7791e-06,-2.22328e-05,-6.66984e-05,1,False,False
2026-04-20 15:07:00,ZK,1.25e-05,0.0001,0.00030000000000000003,1,False,False
2026-04-20 15:07:00,ZORA,1.25e-05,0.0001,0.00030000000000000003,1,False,False
2026-04-20 15:07:00,ZRO,-3.37647e-05,-0.0002701176,-0.0008103527999999999,1,False,False
2026-04-20 15:07:00,kBONK,1.25e-05,0.0001,0.00030000000000000003,1,False,False
2026-04-20 15:07:00,kDOGS,0.0,0.0,0.0,1,False,False
2026-04-20 15:07:00,kFLOKI,7.3e-08,5.84e-07,1.7520000000000001e-06,1,False,False
2026-04-20 15:07:00,kLUNC,-3.30565e-05,-0.000264452,-0.0007933559999999999,1,False,False
2026-04-20 15:07:00,kNEIRO,-0.0002287456,-0.0018299648,-0.0054898944,1,False,False
2026-04-20 15:07:00,kPEPE,-2.66153e-05,-0.0002129224,-0.0006387672,1,False,False
2026-04-20 15:07:00,kSHIB,-2.11599e-05,-0.0001692792,-0.0005078376,1,False,False
