timestamp_utc,coin,funding_rate_1h
2026-04-20 14:31:06,HBAR,1.1999999999999999e-05
2026-04-20 14:31:06,VIRTUAL,1.1999999999999999e-05
2026-04-20 14:31:06,XMR,6.5e-05
2026-04-20 14:31:06,XRP,-5e-06
2026-04-20 14:31:06,PYTH,-3.8e-05
2026-04-20 14:31:06,APT,1e-06
2026-04-20 14:31:06,ETH,9e-06
2026-04-20 14:31:06,ARB,-1.1999999999999999e-05
2026-04-20 14:31:06,ASTER,1.1999999999999999e-05
2026-04-20 14:31:06,PUMP,1.1999999999999999e-05
2026-04-20 14:31:06,ZORA,1.1999999999999999e-05
2026-04-20 14:31:06,ZRO,-2.3e-05
2026-04-20 14:31:06,AERO,1.1000000000000001e-05
2026-04-20 14:31:06,ADA,5.999999999999999e-06
2026-04-20 14:31:06,HYPE,1.1999999999999999e-05
2026-04-20 14:31:06,FIL,1.1999999999999999e-05
2026-04-20 14:31:06,JUP,-2.5e-05
2026-04-20 14:31:06,SOL,1.1999999999999999e-05
2026-04-20 14:31:06,TRUMP,-1.1000000000000001e-05
2026-04-20 14:31:06,ENA,1.1999999999999999e-05
2026-04-20 14:31:06,BERA,7e-06
2026-04-20 14:31:06,GMX,1.1999999999999999e-05
2026-04-20 14:31:06,UNI,1.1999999999999999e-05
2026-04-20 14:31:06,PENGU,1.1999999999999999e-05
2026-04-20 14:31:06,AVAX,1.1999999999999999e-05
2026-04-20 14:31:06,VVV,1.1999999999999999e-05
2026-04-20 14:31:06,ONDO,-2.2000000000000003e-05
2026-04-20 14:31:06,AXS,-4.9e-05
2026-04-20 14:31:06,CC,2.9999999999999997e-06
2026-04-20 14:31:06,TON,-6e-05
2026-04-20 14:31:06,LINEA,1.1999999999999999e-05
2026-04-20 14:31:06,WLFI,1.1999999999999999e-05
2026-04-20 14:31:06,GRASS,1.1999999999999999e-05
2026-04-20 14:31:06,BNB,5e-06
2026-04-20 14:31:06,ETHFI,1.1999999999999999e-05
2026-04-20 14:31:06,SKY,1.1999999999999999e-05
2026-04-20 14:31:06,IP,-2.1e-05
2026-04-20 14:31:06,OP,-5.7e-05
2026-04-20 14:31:06,DOGE,1.1999999999999999e-05
2026-04-20 14:31:06,2Z,-8.9e-05
2026-04-20 14:31:06,SKR,1.1999999999999999e-05
2026-04-20 14:31:06,DASH,1.1999999999999999e-05
2026-04-20 14:31:06,MNT,1.1999999999999999e-05
2026-04-20 14:31:06,ZK,1.1999999999999999e-05
2026-04-20 14:31:06,AAVE,1.1999999999999999e-05
2026-04-20 14:31:06,BTC,8e-06
2026-04-20 14:31:06,YZY,1e-05
2026-04-20 14:31:06,DOT,-2.9999999999999997e-06
2026-04-20 14:31:06,LINK,-1e-06
2026-04-20 14:31:06,AZTEC,1.1999999999999999e-05
2026-04-20 14:31:06,MORPHO,0.0
2026-04-20 14:31:06,TRX,-2.6e-05
2026-04-20 14:31:06,WIF,1.1999999999999999e-05
2026-04-20 14:31:06,LIT,1.1999999999999999e-05
2026-04-20 14:31:06,XLM,1.1999999999999999e-05
2026-04-20 14:31:06,PAXG,5.999999999999999e-06
2026-04-20 14:31:06,XPL,1.1000000000000001e-05
2026-04-20 14:31:06,RESOLV,-2e-05
2026-04-20 14:31:06,JTO,-0.000414
2026-04-20 14:31:06,PROVE,-4.7999999999999994e-05
2026-04-20 14:31:06,TAO,-1.5e-05
2026-04-20 14:31:06,0G,-7e-06
2026-04-20 14:31:06,S,1.1999999999999999e-05
2026-04-20 14:31:06,LDO,1.1999999999999999e-05
2026-04-20 14:31:06,APEX,1.1999999999999999e-05
2026-04-20 14:31:06,POL,1.1999999999999999e-05
2026-04-20 14:31:06,FOGO,-2.5e-05
2026-04-20 14:31:06,FARTCOIN,1.1999999999999999e-05
2026-04-20 14:31:06,STRK,1.1999999999999999e-05
2026-04-20 14:31:06,ZEC,1.1999999999999999e-05
2026-04-20 14:31:06,EIGEN,-5e-06
2026-04-20 14:31:06,SUI,1.1999999999999999e-05
2026-04-20 14:31:06,SYRUP,1.1999999999999999e-05
2026-04-20 14:31:06,MON,-7.2e-05
2026-04-20 14:31:06,STBL,1.1999999999999999e-05
2026-04-20 14:31:06,DYDX,1.1999999999999999e-05
2026-04-20 14:31:06,STABLE,1.1999999999999999e-05
2026-04-20 14:31:06,LTC,-1.9e-05
2026-04-20 14:31:06,CRV,1.1999999999999999e-05
2026-04-20 14:31:06,SEI,1.1999999999999999e-05
2026-04-20 14:31:06,AVNT,1.1999999999999999e-05
2026-04-20 14:31:06,POPCAT,1.1999999999999999e-05
2026-04-20 14:31:06,MET,1.1999999999999999e-05
2026-04-20 14:31:06,KAITO,-4.3e-05
2026-04-20 14:31:06,MEGA,1.1999999999999999e-05
2026-04-20 14:31:06,BCH,1.1999999999999999e-05
2026-04-20 14:31:06,TIA,-5.999999999999999e-06
2026-04-20 14:31:06,ICP,-5.6e-05
2026-04-20 14:31:06,WLD,-0.000107
2026-04-20 14:31:06,SPX,-2.1e-05
2026-04-20 14:31:06,NEAR,-3.3e-05
2026-04-20 14:31:06,PENDLE,1.1999999999999999e-05
2026-04-20 15:01:14,BTC,-2.9999999999999997e-06
2026-04-20 15:01:14,ZEC,1.1999999999999999e-05
2026-04-20 15:01:14,DOGE,1.1999999999999999e-05
2026-04-20 15:01:14,UNI,1.1999999999999999e-05
2026-04-20 15:01:14,ONDO,-2.1e-05
2026-04-20 15:01:14,JTO,-0.00028199999999999997
2026-04-20 15:01:14,BCH,9e-06
2026-04-20 15:01:14,PAXG,5.999999999999999e-06
2026-04-20 15:01:14,DASH,2e-06
2026-04-20 15:01:14,RESOLV,-2.1e-05
2026-04-20 15:01:14,SUI,1.1999999999999999e-05
2026-04-20 15:01:14,HBAR,1.1999999999999999e-05
2026-04-20 15:01:14,LDO,1.1999999999999999e-05
2026-04-20 15:01:14,ZRO,-3.9e-05
2026-04-20 15:01:14,POL,1e-05
2026-04-20 15:01:14,STABLE,1.1999999999999999e-05
2026-04-20 15:01:14,EIGEN,-2.9999999999999997e-06
2026-04-20 15:01:14,STRK,1e-06
2026-04-20 15:01:14,SYRUP,1.1999999999999999e-05
2026-04-20 15:01:14,AXS,-4.4000000000000006e-05
2026-04-20 15:01:14,ASTER,-5e-06
2026-04-20 15:01:14,MET,1.1999999999999999e-05
2026-04-20 15:01:14,XPL,-2e-06
2026-04-20 15:01:14,BNB,5e-06
2026-04-20 15:01:14,DYDX,-2.9999999999999997e-06
2026-04-20 15:01:14,2Z,-8.7e-05
2026-04-20 15:01:14,BERA,-7e-06
2026-04-20 15:01:14,TRX,-4.3e-05
2026-04-20 15:01:14,WLFI,1.1999999999999999e-05
2026-04-20 15:01:14,VVV,1.1999999999999999e-05
2026-04-20 15:01:14,NEAR,-1.8e-05
2026-04-20 15:01:14,0G,5e-06
2026-04-20 15:01:14,ETHFI,1.1999999999999999e-05
2026-04-20 15:01:14,CC,-1.4e-05
2026-04-20 15:01:14,LIT,1.1999999999999999e-05
2026-04-20 15:01:14,DOT,-1e-06
2026-04-20 15:01:14,PUMP,1.1999999999999999e-05
2026-04-20 15:01:14,APT,1.1999999999999999e-05
2026-04-20 15:01:14,STBL,1.1999999999999999e-05
2026-04-20 15:01:14,PENDLE,1.1999999999999999e-05
2026-04-20 15:01:14,SOL,7e-06
2026-04-20 15:01:14,PROVE,-3.1e-05
2026-04-20 15:01:14,MEGA,1.1999999999999999e-05
2026-04-20 15:01:14,VIRTUAL,8e-06
2026-04-20 15:01:14,XMR,3.3e-05
2026-04-20 15:01:14,SEI,1.1999999999999999e-05
2026-04-20 15:01:14,ZORA,1.1999999999999999e-05
2026-04-20 15:01:14,TIA,5.999999999999999e-06
2026-04-20 15:01:14,MNT,1.1999999999999999e-05
2026-04-20 15:01:14,HYPE,1.1999999999999999e-05
2026-04-20 15:01:14,TAO,-1.3e-05
2026-04-20 15:01:14,SKR,-0.00010899999999999999
2026-04-20 15:01:14,AERO,1.1999999999999999e-05
2026-04-20 15:01:14,PENGU,2.9999999999999997e-06
2026-04-20 15:01:14,XRP,5e-06
2026-04-20 15:01:14,WLD,-9.8e-05
2026-04-20 15:01:14,WIF,1.1999999999999999e-05
2026-04-20 15:01:14,POPCAT,1.1999999999999999e-05
2026-04-20 15:01:14,TRUMP,-1e-06
2026-04-20 15:01:14,IP,-2.9999999999999997e-06
2026-04-20 15:01:14,AZTEC,1.1999999999999999e-05
2026-04-20 15:01:14,AVNT,1.1999999999999999e-05
2026-04-20 15:01:14,SKY,1.1999999999999999e-05
2026-04-20 15:01:14,JUP,-2.3999999999999997e-05
2026-04-20 15:01:14,LINEA,-5.999999999999999e-06
2026-04-20 15:01:14,SPX,-5e-06
2026-04-20 15:01:14,APEX,1.1999999999999999e-05
2026-04-20 15:01:14,ENA,1.1999999999999999e-05
2026-04-20 15:01:14,XLM,2.2000000000000003e-05
2026-04-20 15:01:14,ZK,1.1999999999999999e-05
2026-04-20 15:01:14,ADA,4e-06
2026-04-20 15:01:14,OP,-3.2e-05
2026-04-20 15:01:14,KAITO,-3.7000000000000005e-05
2026-04-20 15:01:14,LTC,-1.9e-05
2026-04-20 15:01:14,FIL,8e-06
2026-04-20 15:01:14,GMX,1.1999999999999999e-05
2026-04-20 15:01:14,PYTH,-4.1e-05
2026-04-20 15:01:14,GRASS,1.1999999999999999e-05
2026-04-20 15:01:14,FOGO,-2.8e-05
2026-04-20 15:01:14,S,8e-06
2026-04-20 15:01:14,AAVE,1.1999999999999999e-05
2026-04-20 15:01:14,ICP,-3.7000000000000005e-05
2026-04-20 15:01:14,ETH,1e-05
2026-04-20 15:01:14,ARB,-1e-06
2026-04-20 15:01:14,YZY,1.1999999999999999e-05
2026-04-20 15:01:14,MORPHO,5e-06
2026-04-20 15:01:14,LINK,-1.6e-05
2026-04-20 15:01:14,MON,-7.400000000000001e-05
2026-04-20 15:01:14,AVAX,-5e-06
2026-04-20 15:01:14,CRV,1.1999999999999999e-05
2026-04-20 15:01:14,TON,-7.900000000000001e-05
2026-04-20 15:01:14,FARTCOIN,1.1999999999999999e-05
2026-04-20 15:30:56,HYPE,-2.9999999999999997e-06
2026-04-20 15:30:56,SKR,5.999999999999999e-06
2026-04-20 15:30:56,ICP,-1.8e-05
2026-04-20 15:30:56,AERO,-2e-06
2026-04-20 15:30:56,STRK,1.1999999999999999e-05
2026-04-20 15:30:56,TON,-7.6e-05
2026-04-20 15:30:56,PAXG,0.0
2026-04-20 15:30:56,ADA,2e-06
2026-04-20 15:30:56,FIL,1.1999999999999999e-05
2026-04-20 15:30:56,ZK,1.1999999999999999e-05
2026-04-20 15:30:56,SOL,1.1999999999999999e-05
2026-04-20 15:30:56,JTO,-0.000185
2026-04-20 15:30:56,LINEA,-5e-06
2026-04-20 15:30:56,SUI,1.1999999999999999e-05
2026-04-20 15:30:56,MORPHO,1.1999999999999999e-05
2026-04-20 15:30:56,AAVE,1.1999999999999999e-05
2026-04-20 15:30:56,ZORA,1.1999999999999999e-05
2026-04-20 15:30:56,BCH,5e-06
2026-04-20 15:30:56,SKY,1.1999999999999999e-05
2026-04-20 15:30:56,GMX,1.1999999999999999e-05
2026-04-20 15:30:56,TRUMP,0.0
2026-04-20 15:30:56,CRV,1.1999999999999999e-05
2026-04-20 15:30:56,KAITO,-4.6e-05
2026-04-20 15:30:56,EIGEN,-2.5e-05
2026-04-20 15:30:56,IP,-3e-05
2026-04-20 15:30:56,MET,1.1999999999999999e-05
2026-04-20 15:30:56,VIRTUAL,-5e-06
2026-04-20 15:30:56,ASTER,1.1999999999999999e-05
2026-04-20 15:30:56,APEX,1.1999999999999999e-05
2026-04-20 15:30:56,AVNT,1.1999999999999999e-05
2026-04-20 15:30:56,BNB,-4e-06
2026-04-20 15:30:56,ZRO,-7.5e-05
2026-04-20 15:30:56,POL,-1.1999999999999999e-05
2026-04-20 15:30:56,MEGA,1.1999999999999999e-05
2026-04-20 15:30:56,YZY,1.1999999999999999e-05
2026-04-20 15:30:56,WIF,1.1999999999999999e-05
2026-04-20 15:30:56,FARTCOIN,1.1999999999999999e-05
2026-04-20 15:30:56,ZEC,1.1999999999999999e-05
2026-04-20 15:30:56,ENA,1.1999999999999999e-05
2026-04-20 15:30:56,TAO,-3.5000000000000004e-05
2026-04-20 15:30:56,TRX,-4e-05
2026-04-20 15:30:56,DASH,1e-05
2026-04-20 15:30:56,RESOLV,-2.2000000000000003e-05
2026-04-20 15:30:56,SPX,-3.6e-05
2026-04-20 15:30:56,LINK,2e-06
2026-04-20 15:30:56,DYDX,1e-06
2026-04-20 15:30:56,BERA,-2.9999999999999997e-06
2026-04-20 15:30:56,PENDLE,1.1999999999999999e-05
2026-04-20 15:30:56,SYRUP,1.1999999999999999e-05
2026-04-20 15:30:56,XPL,-2e-05
2026-04-20 15:30:56,2Z,-6.9e-05
2026-04-20 15:30:56,MNT,1.1999999999999999e-05
2026-04-20 15:30:56,ARB,-1.9e-05
2026-04-20 15:30:56,PENGU,1.1999999999999999e-05
2026-04-20 15:30:56,HBAR,1.1999999999999999e-05
2026-04-20 15:30:56,MON,-8.5e-05
2026-04-20 15:30:56,BTC,-5.999999999999999e-06
2026-04-20 15:30:56,LDO,1.1999999999999999e-05
2026-04-20 15:30:56,POPCAT,1.1999999999999999e-05
2026-04-20 15:30:56,STBL,5e-05
2026-04-20 15:30:56,AVAX,-1e-06
2026-04-20 15:30:56,ETHFI,1.1999999999999999e-05
2026-04-20 15:30:56,STABLE,1.1999999999999999e-05
2026-04-20 15:30:56,TIA,1.1999999999999999e-05
2026-04-20 15:30:56,UNI,1.1999999999999999e-05
2026-04-20 15:30:56,VVV,1.1999999999999999e-05
2026-04-20 15:30:56,DOGE,1.1999999999999999e-05
2026-04-20 15:30:56,0G,1.1999999999999999e-05
2026-04-20 15:30:56,AXS,-6.1000000000000005e-05
2026-04-20 15:30:56,NEAR,-2e-06
2026-04-20 15:30:56,FOGO,-4.3e-05
2026-04-20 15:30:56,PUMP,-1e-06
2026-04-20 15:30:56,WLD,-0.000139
2026-04-20 15:30:56,LTC,-2.3999999999999997e-05
2026-04-20 15:30:56,SEI,1.1999999999999999e-05
2026-04-20 15:30:56,DOT,-8e-06
2026-04-20 15:30:56,LIT,1.1999999999999999e-05
2026-04-20 15:30:56,AZTEC,1.1999999999999999e-05
2026-04-20 15:30:56,APT,1.1999999999999999e-05
2026-04-20 15:30:56,S,1.1000000000000001e-05
2026-04-20 15:30:56,GRASS,1.1999999999999999e-05
2026-04-20 15:30:56,XRP,-1e-06
2026-04-20 15:30:56,XLM,1.6e-05
2026-04-20 15:30:56,WLFI,5.999999999999999e-06
2026-04-20 15:30:56,XMR,2.8999999999999997e-05
2026-04-20 15:30:56,ETH,2e-06
2026-04-20 15:30:56,JUP,-4.7000000000000004e-05
2026-04-20 15:30:56,CC,1.1999999999999999e-05
2026-04-20 15:30:56,PROVE,-6.2e-05
2026-04-20 15:30:56,ONDO,-3.9e-05
2026-04-20 15:30:56,PYTH,-4.4000000000000006e-05
2026-04-20 15:30:56,OP,-2.5e-05
2026-04-20 16:00:58,BTC,-1.8e-05
2026-04-20 16:00:58,YZY,1.1999999999999999e-05
2026-04-20 16:00:58,POPCAT,1.1999999999999999e-05
2026-04-20 16:00:58,AAVE,1.1999999999999999e-05
2026-04-20 16:00:58,TON,-8.7e-05
2026-04-20 16:00:58,KAITO,-3.5000000000000004e-05
2026-04-20 16:00:58,TRX,-4.4000000000000006e-05
2026-04-20 16:00:58,0G,1.1999999999999999e-05
2026-04-20 16:00:58,APEX,1.1999999999999999e-05
2026-04-20 16:00:58,FOGO,-7.000000000000001e-05
2026-04-20 16:00:58,WLFI,1.1999999999999999e-05
2026-04-20 16:00:58,BCH,1.1999999999999999e-05
2026-04-20 16:00:58,NEAR,7e-06
2026-04-20 16:00:58,BERA,4e-06
2026-04-20 16:00:58,ARB,-1.9e-05
2026-04-20 16:00:58,GRASS,1.1999999999999999e-05
2026-04-20 16:00:58,LINEA,5.999999999999999e-06
2026-04-20 16:00:58,XRP,1e-06
2026-04-20 16:00:58,GMX,1.1999999999999999e-05
2026-04-20 16:00:58,ASTER,1.1999999999999999e-05
2026-04-20 16:00:58,STABLE,1.1999999999999999e-05
2026-04-20 16:00:58,SEI,2.9999999999999997e-06
2026-04-20 16:00:58,AXS,-4.4000000000000006e-05
2026-04-20 16:00:58,AVNT,-1.3e-05
2026-04-20 16:00:58,LDO,1.1999999999999999e-05
2026-04-20 16:00:58,MNT,1.1999999999999999e-05
2026-04-20 16:00:58,RESOLV,-1e-06
2026-04-20 16:00:58,AVAX,-5e-06
2026-04-20 16:00:58,LTC,-1e-06
2026-04-20 16:00:58,PENDLE,1.1999999999999999e-05
2026-04-20 16:00:58,IP,-8e-06
2026-04-20 16:00:58,DASH,2e-06
2026-04-20 16:00:58,WLD,-0.000172
2026-04-20 16:00:58,EIGEN,-4.7000000000000004e-05
2026-04-20 16:00:58,ETH,0.0
2026-04-20 16:00:58,STRK,1.1999999999999999e-05
2026-04-20 16:00:58,2Z,-8.6e-05
2026-04-20 16:00:58,MEGA,1.1999999999999999e-05
2026-04-20 16:00:58,DYDX,-2.3999999999999997e-05
2026-04-20 16:00:58,SOL,1.1999999999999999e-05
2026-04-20 16:00:58,SPX,-6.6e-05
2026-04-20 16:00:58,SUI,1.1999999999999999e-05
2026-04-20 16:00:58,VIRTUAL,5.999999999999999e-06
2026-04-20 16:00:58,VVV,1.1999999999999999e-05
2026-04-20 16:00:58,AERO,-1.3e-05
2026-04-20 16:00:58,PUMP,2.9999999999999997e-06
2026-04-20 16:00:58,TAO,-2.1e-05
2026-04-20 16:00:58,MORPHO,-5e-06
2026-04-20 16:00:58,JUP,-3.5000000000000004e-05
2026-04-20 16:00:58,BNB,7e-06
2026-04-20 16:00:58,ADA,-1.4e-05
2026-04-20 16:00:58,ONDO,-2.2000000000000003e-05
2026-04-20 16:00:58,SYRUP,1.1999999999999999e-05
2026-04-20 16:00:58,UNI,1.1999999999999999e-05
2026-04-20 16:00:58,PENGU,1.1999999999999999e-05
2026-04-20 16:00:58,APT,1.1999999999999999e-05
2026-04-20 16:00:58,HYPE,1e-06
2026-04-20 16:00:58,PROVE,-4.3e-05
2026-04-20 16:00:58,ZK,1.1999999999999999e-05
2026-04-20 16:00:58,OP,-1e-06
2026-04-20 16:00:58,MON,-4e-05
2026-04-20 16:00:58,TIA,9e-06
2026-04-20 16:00:58,TRUMP,7e-06
2026-04-20 16:00:58,SKY,1.1999999999999999e-05
2026-04-20 16:00:58,HBAR,1.1999999999999999e-05
2026-04-20 16:00:58,DOGE,8e-06
2026-04-20 16:00:58,ETHFI,1.1999999999999999e-05
2026-04-20 16:00:58,MET,1.1999999999999999e-05
2026-04-20 16:00:58,WIF,1.1999999999999999e-05
2026-04-20 16:00:58,CC,1.1999999999999999e-05
2026-04-20 16:00:58,SKR,1.3e-05
2026-04-20 16:00:58,FIL,1.1999999999999999e-05
2026-04-20 16:00:58,ENA,1.1999999999999999e-05
2026-04-20 16:00:58,FARTCOIN,1.1999999999999999e-05
2026-04-20 16:00:58,DOT,5.999999999999999e-06
2026-04-20 16:00:58,POL,1e-06
2026-04-20 16:00:58,AZTEC,8.800000000000001e-05
2026-04-20 16:00:58,XMR,5.3e-05
2026-04-20 16:00:58,S,1.1999999999999999e-05
2026-04-20 16:00:58,STBL,1.1999999999999999e-05
2026-04-20 16:00:58,PYTH,-5.7999999999999994e-05
2026-04-20 16:00:58,ZORA,1.1999999999999999e-05
2026-04-20 16:00:58,PAXG,0.0
2026-04-20 16:00:58,XLM,2.1e-05
2026-04-20 16:00:58,LIT,1.1999999999999999e-05
2026-04-20 16:00:58,LINK,9e-06
2026-04-20 16:00:58,JTO,-0.000113
2026-04-20 16:00:58,CRV,1.1999999999999999e-05
2026-04-20 16:00:58,ZRO,-3.9e-05
2026-04-20 16:00:58,ZEC,1.1999999999999999e-05
2026-04-20 16:00:58,XPL,-6.2e-05
2026-04-20 16:00:58,ICP,-1.1000000000000001e-05
2026-04-20 16:30:57,MORPHO,1.1999999999999999e-05
2026-04-20 16:30:57,IP,-9e-06
2026-04-20 16:30:57,EIGEN,-2.3e-05
2026-04-20 16:30:57,YZY,1.1999999999999999e-05
2026-04-20 16:30:57,ETHFI,1.1999999999999999e-05
2026-04-20 16:30:57,DOT,1.1999999999999999e-05
2026-04-20 16:30:57,HBAR,1.1999999999999999e-05
2026-04-20 16:30:57,SUI,1.1999999999999999e-05
2026-04-20 16:30:57,MEGA,1.1999999999999999e-05
2026-04-20 16:30:57,BERA,4e-06
2026-04-20 16:30:57,VIRTUAL,1.1999999999999999e-05
2026-04-20 16:30:57,APT,1.1999999999999999e-05
2026-04-20 16:30:57,XRP,1.1999999999999999e-05
2026-04-20 16:30:57,OP,1.1999999999999999e-05
2026-04-20 16:30:57,ZORA,1.1999999999999999e-05
2026-04-20 16:30:57,DYDX,1.1999999999999999e-05
2026-04-20 16:30:57,PENDLE,1.1999999999999999e-05
2026-04-20 16:30:57,AVAX,1.1999999999999999e-05
2026-04-20 16:30:57,PUMP,1.1999999999999999e-05
2026-04-20 16:30:57,CRV,1.1999999999999999e-05
2026-04-20 16:30:57,GMX,1.1999999999999999e-05
2026-04-20 16:30:57,SOL,1.1999999999999999e-05
2026-04-20 16:30:57,PENGU,1.1999999999999999e-05
2026-04-20 16:30:57,WIF,1.1999999999999999e-05
2026-04-20 16:30:57,AAVE,-1.1999999999999999e-05
2026-04-20 16:30:57,ZRO,-6.8e-05
2026-04-20 16:30:57,JTO,-5e-05
2026-04-20 16:30:57,AXS,-5.1000000000000006e-05
2026-04-20 16:30:57,MET,1.1999999999999999e-05
2026-04-20 16:30:57,DASH,1.1999999999999999e-05
2026-04-20 16:30:57,TON,-8.999999999999999e-05
2026-04-20 16:30:57,WLFI,1.1999999999999999e-05
2026-04-20 16:30:57,PAXG,5.999999999999999e-06
2026-04-20 16:30:57,JUP,2.9999999999999997e-06
2026-04-20 16:30:57,TRUMP,1.1999999999999999e-05
2026-04-20 16:30:57,BTC,-4e-06
2026-04-20 16:30:57,KAITO,-1.9e-05
2026-04-20 16:30:57,ICP,1.1999999999999999e-05
2026-04-20 16:30:57,LTC,1.1999999999999999e-05
2026-04-20 16:30:57,ENA,1.1999999999999999e-05
2026-04-20 16:30:57,ZK,1.1999999999999999e-05
2026-04-20 16:30:57,AVNT,1.1999999999999999e-05
2026-04-20 16:30:57,AERO,-0.000124
2026-04-20 16:30:57,GRASS,1.1999999999999999e-05
2026-04-20 16:30:57,BCH,1.1999999999999999e-05
2026-04-20 16:30:57,ASTER,1.1999999999999999e-05
2026-04-20 16:30:57,XPL,1.1999999999999999e-05
2026-04-20 16:30:57,VVV,1.1999999999999999e-05
2026-04-20 16:30:57,ARB,9e-06
2026-04-20 16:30:57,LIT,1.1999999999999999e-05
2026-04-20 16:30:57,APEX,1.1999999999999999e-05
2026-04-20 16:30:57,CC,1.1999999999999999e-05
2026-04-20 16:30:57,MON,-5e-06
2026-04-20 16:30:57,SPX,-7e-06
2026-04-20 16:30:57,FIL,1.1999999999999999e-05
2026-04-20 16:30:57,XLM,4.6e-05
2026-04-20 16:30:57,LINEA,1.1999999999999999e-05
2026-04-20 16:30:57,BNB,1.1999999999999999e-05
2026-04-20 16:30:57,FOGO,-0.000127
2026-04-20 16:30:57,SKY,1.1999999999999999e-05
2026-04-20 16:30:57,ONDO,-2.7000000000000002e-05
2026-04-20 16:30:57,ZEC,1.1999999999999999e-05
2026-04-20 16:30:57,POPCAT,1.1999999999999999e-05
2026-04-20 16:30:57,TRX,-1.6e-05
2026-04-20 16:30:57,FARTCOIN,1.1999999999999999e-05
2026-04-20 16:30:57,PROVE,-7.2e-05
2026-04-20 16:30:57,ETH,0.0
2026-04-20 16:30:57,PYTH,-2.2000000000000003e-05
2026-04-20 16:30:57,RESOLV,1.1999999999999999e-05
2026-04-20 16:30:57,DOGE,1.1999999999999999e-05
2026-04-20 16:30:57,WLD,-0.00018700000000000002
2026-04-20 16:30:57,LINK,1.1999999999999999e-05
2026-04-20 16:30:57,2Z,-7.6e-05
2026-04-20 16:30:57,AZTEC,1.1999999999999999e-05
2026-04-20 16:30:57,STBL,1.1999999999999999e-05
2026-04-20 16:30:57,SYRUP,1.1999999999999999e-05
2026-04-20 16:30:57,XMR,8.999999999999999e-05
2026-04-20 16:30:57,HYPE,9e-06
2026-04-20 16:30:57,SEI,4e-06
2026-04-20 16:30:57,STABLE,-9.400000000000001e-05
2026-04-20 16:30:57,TAO,-1.9e-05
2026-04-20 16:30:57,S,1.1999999999999999e-05
2026-04-20 16:30:57,POL,1.1999999999999999e-05
2026-04-20 16:30:57,STRK,1.1999999999999999e-05
2026-04-20 16:30:57,SKR,1.1999999999999999e-05
2026-04-20 16:30:57,LDO,1.1999999999999999e-05
2026-04-20 16:30:57,NEAR,1.1999999999999999e-05
2026-04-20 16:30:57,MNT,1.1999999999999999e-05
2026-04-20 16:30:57,ADA,1e-05
2026-04-20 16:30:57,TIA,1.1999999999999999e-05
2026-04-20 16:30:57,UNI,1.1999999999999999e-05
2026-04-20 16:30:57,0G,1.1999999999999999e-05
2026-04-20 17:01:02,WLD,-0.000194
2026-04-20 17:01:02,AAVE,-1.4e-05
2026-04-20 17:01:02,DYDX,9e-06
2026-04-20 17:01:02,RESOLV,-6.4e-05
2026-04-20 17:01:02,ASTER,1.1999999999999999e-05
2026-04-20 17:01:02,AVAX,1e-05
2026-04-20 17:01:02,ARB,-1.4e-05
2026-04-20 17:01:02,CC,1.1999999999999999e-05
2026-04-20 17:01:02,POL,-5e-06
2026-04-20 17:01:02,STBL,1.1999999999999999e-05
2026-04-20 17:01:02,EIGEN,1e-06
2026-04-20 17:01:02,ADA,-2.2000000000000003e-05
2026-04-20 17:01:02,CRV,1.1999999999999999e-05
2026-04-20 17:01:02,ETHFI,1.1999999999999999e-05
2026-04-20 17:01:02,XMR,6.7e-05
2026-04-20 17:01:02,AERO,-5.1000000000000006e-05
2026-04-20 17:01:02,LDO,1.1999999999999999e-05
2026-04-20 17:01:02,FOGO,-7.5e-05
2026-04-20 17:01:02,MET,1.1999999999999999e-05
2026-04-20 17:01:02,DOGE,1.1999999999999999e-05
2026-04-20 17:01:02,ZRO,-8.999999999999999e-05
2026-04-20 17:01:02,ZORA,1.1999999999999999e-05
2026-04-20 17:01:02,AVNT,1.1999999999999999e-05
2026-04-20 17:01:02,POPCAT,1.1999999999999999e-05
2026-04-20 17:01:02,APT,5e-06
2026-04-20 17:01:02,PENGU,1.1999999999999999e-05
2026-04-20 17:01:02,TRUMP,-1.6e-05
2026-04-20 17:01:02,PUMP,0.0
2026-04-20 17:01:02,LIT,1.1999999999999999e-05
2026-04-20 17:01:02,XLM,2.3999999999999997e-05
2026-04-20 17:01:02,JUP,7e-06
2026-04-20 17:01:02,SYRUP,1.1999999999999999e-05
2026-04-20 17:01:02,BERA,7e-06
2026-04-20 17:01:02,DASH,-1.6e-05
2026-04-20 17:01:02,VVV,1.1999999999999999e-05
2026-04-20 17:01:02,WLFI,2.9999999999999997e-06
2026-04-20 17:01:02,PYTH,-2.2000000000000003e-05
2026-04-20 17:01:02,LTC,9e-06
2026-04-20 17:01:02,SOL,1.1999999999999999e-05
2026-04-20 17:01:02,MORPHO,-8e-06
2026-04-20 17:01:02,0G,1.1999999999999999e-05
2026-04-20 17:01:02,HBAR,1.1999999999999999e-05
2026-04-20 17:01:02,GRASS,1.1999999999999999e-05
2026-04-20 17:01:02,ICP,-1.5e-05
2026-04-20 17:01:02,BTC,4e-06
2026-04-20 17:01:02,ZK,1.1999999999999999e-05
2026-04-20 17:01:02,AZTEC,1.1999999999999999e-05
2026-04-20 17:01:02,WIF,1.1999999999999999e-05
2026-04-20 17:01:02,LINEA,1.1999999999999999e-05
2026-04-20 17:01:02,APEX,1.1999999999999999e-05
2026-04-20 17:01:02,IP,-1.8e-05
2026-04-20 17:01:02,TIA,0.0
2026-04-20 17:01:02,2Z,-6.3e-05
2026-04-20 17:01:02,VIRTUAL,5.999999999999999e-06
2026-04-20 17:01:02,ZEC,-2.8999999999999997e-05
2026-04-20 17:01:02,PENDLE,1.1999999999999999e-05
2026-04-20 17:01:02,SKY,1.1999999999999999e-05
2026-04-20 17:01:02,FARTCOIN,1.1999999999999999e-05
2026-04-20 17:01:02,PAXG,-1.1999999999999999e-05
2026-04-20 17:01:02,GMX,1.1999999999999999e-05
2026-04-20 17:01:02,DOT,-1.9e-05
2026-04-20 17:01:02,BNB,1e-06
2026-04-20 17:01:02,ENA,1.1999999999999999e-05
2026-04-20 17:01:02,HYPE,-5e-06
2026-04-20 17:01:02,BCH,1.1999999999999999e-05
2026-04-20 17:01:02,STABLE,-0.000111
2026-04-20 17:01:02,SKR,-0.000119
2026-04-20 17:01:02,TAO,-5.2e-05
2026-04-20 17:01:02,ONDO,-4.2e-05
2026-04-20 17:01:02,SUI,1.1999999999999999e-05
2026-04-20 17:01:02,TON,-0.000113
2026-04-20 17:01:02,LINK,-4e-06
2026-04-20 17:01:02,FIL,1.1999999999999999e-05
2026-04-20 17:01:02,JTO,-5.3e-05
2026-04-20 17:01:02,KAITO,-5.4000000000000005e-05
2026-04-20 17:01:02,MEGA,1.1999999999999999e-05
2026-04-20 17:01:02,UNI,1.1999999999999999e-05
2026-04-20 17:01:02,XPL,9e-06
2026-04-20 17:01:02,NEAR,4e-06
2026-04-20 17:01:02,XRP,7e-06
2026-04-20 17:01:02,ETH,-1e-06
2026-04-20 17:01:02,MON,1e-05
2026-04-20 17:01:02,TRX,-2.5e-05
2026-04-20 17:01:02,SPX,5e-06
2026-04-20 17:01:02,PROVE,-9.7e-05
2026-04-20 17:01:02,YZY,5.9e-05
2026-04-20 17:01:02,AXS,-3.3e-05
2026-04-20 17:01:02,SEI,1.1999999999999999e-05
2026-04-20 17:01:02,STRK,1.1999999999999999e-05
2026-04-20 17:01:02,OP,1.1999999999999999e-05
2026-04-20 17:01:02,S,1.1999999999999999e-05
2026-04-20 17:01:02,MNT,1.1999999999999999e-05
2026-04-20 17:30:47,WIF,1.1999999999999999e-05
2026-04-20 17:30:47,SOL,1.1999999999999999e-05
2026-04-20 17:30:47,LDO,1.1999999999999999e-05
2026-04-20 17:30:47,SUI,1.1999999999999999e-05
2026-04-20 17:30:47,STBL,1.1999999999999999e-05
2026-04-20 17:30:47,SKY,1.1999999999999999e-05
2026-04-20 17:30:47,STRK,1.1999999999999999e-05
2026-04-20 17:30:47,MNT,1.1999999999999999e-05
2026-04-20 17:30:47,TAO,-4.7999999999999994e-05
2026-04-20 17:30:47,FIL,1.1999999999999999e-05
2026-04-20 17:30:47,FARTCOIN,1.1999999999999999e-05
2026-04-20 17:30:47,ADA,-5.999999999999999e-06
2026-04-20 17:30:47,YZY,1.1999999999999999e-05
2026-04-20 17:30:47,AERO,-3.7000000000000005e-05
2026-04-20 17:30:47,MEGA,1.1999999999999999e-05
2026-04-20 17:30:47,ETH,4e-06
2026-04-20 17:30:47,XRP,-5.999999999999999e-06
2026-04-20 17:30:47,POL,1.1999999999999999e-05
2026-04-20 17:30:47,LINK,-8e-06
2026-04-20 17:30:47,TON,-0.000103
2026-04-20 17:30:47,WLFI,7e-06
2026-04-20 17:30:47,GRASS,1.1999999999999999e-05
2026-04-20 17:30:47,STABLE,-5.3e-05
2026-04-20 17:30:47,ZEC,0.0
2026-04-20 17:30:47,AVAX,-2e-06
2026-04-20 17:30:47,HBAR,1.1999999999999999e-05
2026-04-20 17:30:47,BTC,8e-06
2026-04-20 17:30:47,BNB,-1.3e-05
2026-04-20 17:30:47,IP,-2e-06
2026-04-20 17:30:47,JUP,-2.3999999999999997e-05
2026-04-20 17:30:47,DASH,0.0
2026-04-20 17:30:47,2Z,-7.8e-05
2026-04-20 17:30:47,ZRO,-8.5e-05
2026-04-20 17:30:47,RESOLV,-0.000118
2026-04-20 17:30:47,TRUMP,-2.1e-05
2026-04-20 17:30:47,XPL,-4e-06
2026-04-20 17:30:47,EIGEN,4e-06
2026-04-20 17:30:47,AAVE,-2.1e-05
2026-04-20 17:30:47,ETHFI,1.1999999999999999e-05
2026-04-20 17:30:47,TRX,-8e-06
2026-04-20 17:30:47,PUMP,0.0
2026-04-20 17:30:47,KAITO,-3e-05
2026-04-20 17:30:47,LINEA,1e-05
2026-04-20 17:30:47,XLM,1.1999999999999999e-05
2026-04-20 17:30:47,MORPHO,8e-06
2026-04-20 17:30:47,UNI,1.1999999999999999e-05
2026-04-20 17:30:47,GMX,1.1999999999999999e-05
2026-04-20 17:30:47,0G,1.1999999999999999e-05
2026-04-20 17:30:47,DOT,-3.8e-05
2026-04-20 17:30:47,LTC,-1e-06
2026-04-20 17:30:47,CC,1.1999999999999999e-05
2026-04-20 17:30:47,DYDX,-4.4999999999999996e-05
2026-04-20 17:30:47,BERA,-1e-06
2026-04-20 17:30:47,OP,2.9999999999999997e-06
2026-04-20 17:30:47,ARB,-1.5e-05
2026-04-20 17:30:47,PENDLE,1.1999999999999999e-05
2026-04-20 17:30:47,VVV,1.1999999999999999e-05
2026-04-20 17:30:47,ENA,1.1999999999999999e-05
2026-04-20 17:30:47,SEI,1.1999999999999999e-05
2026-04-20 17:30:47,POPCAT,1.1999999999999999e-05
2026-04-20 17:30:47,JTO,-7.000000000000001e-05
2026-04-20 17:30:47,LIT,1.1999999999999999e-05
2026-04-20 17:30:47,VIRTUAL,8e-06
2026-04-20 17:30:47,ZORA,1.1999999999999999e-05
2026-04-20 17:30:47,BCH,5e-06
2026-04-20 17:30:47,XMR,2.5e-05
2026-04-20 17:30:47,FOGO,-2.3e-05
2026-04-20 17:30:47,HYPE,-1e-06
2026-04-20 17:30:47,PROVE,-6.5e-05
2026-04-20 17:30:47,PAXG,-1.1000000000000001e-05
2026-04-20 17:30:47,ASTER,-9e-06
2026-04-20 17:30:47,PYTH,-3.8e-05
2026-04-20 17:30:47,CRV,1.1999999999999999e-05
2026-04-20 17:30:47,APT,-2.8999999999999997e-05
2026-04-20 17:30:47,MON,2e-06
2026-04-20 17:30:47,WLD,-0.000262
2026-04-20 17:30:47,SKR,1.1999999999999999e-05
2026-04-20 17:30:47,ICP,-1.7e-05
2026-04-20 17:30:47,SPX,-4e-06
2026-04-20 17:30:47,AZTEC,1.1999999999999999e-05
2026-04-20 17:30:47,TIA,-2e-06
2026-04-20 17:30:47,ZK,1.1999999999999999e-05
2026-04-20 17:30:47,ONDO,-4.7999999999999994e-05
2026-04-20 17:30:47,SYRUP,1.1999999999999999e-05
2026-04-20 17:30:47,MET,1.1999999999999999e-05
2026-04-20 17:30:47,AXS,-5.4000000000000005e-05
2026-04-20 17:30:47,S,1.1999999999999999e-05
2026-04-20 17:30:47,APEX,1.1999999999999999e-05
2026-04-20 17:30:47,PENGU,1.1999999999999999e-05
2026-04-20 17:30:47,AVNT,1.1999999999999999e-05
2026-04-20 17:30:47,NEAR,-8e-06
2026-04-20 17:30:47,DOGE,1.1999999999999999e-05
2026-04-20 18:01:01,MEGA,1.1999999999999999e-05
2026-04-20 18:01:01,TIA,2e-06
2026-04-20 18:01:01,WLD,-0.000297
2026-04-20 18:01:01,IP,-4.4000000000000006e-05
2026-04-20 18:01:01,ENA,1.1999999999999999e-05
2026-04-20 18:01:01,SUI,1.1999999999999999e-05
2026-04-20 18:01:01,SYRUP,1.1999999999999999e-05
2026-04-20 18:01:01,BCH,1.1999999999999999e-05
2026-04-20 18:01:01,POPCAT,1.1999999999999999e-05
2026-04-20 18:01:01,ASTER,-2.7000000000000002e-05
2026-04-20 18:01:01,MET,1.1999999999999999e-05
2026-04-20 18:01:01,ZEC,-1.1000000000000001e-05
2026-04-20 18:01:01,PROVE,-6.2e-05
2026-04-20 18:01:01,LTC,4e-06
2026-04-20 18:01:01,ADA,-2.9999999999999997e-06
2026-04-20 18:01:01,VVV,3.2e-05
2026-04-20 18:01:01,HYPE,0.0
2026-04-20 18:01:01,LINEA,-7e-06
2026-04-20 18:01:01,AERO,-4.3e-05
2026-04-20 18:01:01,KAITO,-5.9e-05
2026-04-20 18:01:01,FIL,1.1999999999999999e-05
2026-04-20 18:01:01,PUMP,0.0
2026-04-20 18:01:01,GMX,1.1999999999999999e-05
2026-04-20 18:01:01,EIGEN,-1.5e-05
2026-04-20 18:01:01,AZTEC,0.000111
2026-04-20 18:01:01,BNB,-1e-06
2026-04-20 18:01:01,ARB,-7e-06
2026-04-20 18:01:01,BERA,-8e-06
2026-04-20 18:01:01,SKR,1.1999999999999999e-05
2026-04-20 18:01:01,PENDLE,1.1999999999999999e-05
2026-04-20 18:01:01,SKY,1.1999999999999999e-05
2026-04-20 18:01:01,NEAR,-1.3e-05
2026-04-20 18:01:01,MORPHO,5.999999999999999e-06
2026-04-20 18:01:01,HBAR,9e-06
2026-04-20 18:01:01,JUP,-2.1e-05
2026-04-20 18:01:01,WIF,2.9999999999999997e-06
2026-04-20 18:01:01,FARTCOIN,1.1999999999999999e-05
2026-04-20 18:01:01,DASH,-1.8e-05
2026-04-20 18:01:01,ONDO,-5.1000000000000006e-05
2026-04-20 18:01:01,STRK,1.1999999999999999e-05
2026-04-20 18:01:01,PENGU,1.1999999999999999e-05
2026-04-20 18:01:01,TON,-5.7999999999999994e-05
2026-04-20 18:01:01,TRUMP,0.0
2026-04-20 18:01:01,APEX,1.1999999999999999e-05
2026-04-20 18:01:01,XLM,1.1999999999999999e-05
2026-04-20 18:01:01,VIRTUAL,1.1000000000000001e-05
2026-04-20 18:01:01,ZORA,1.1999999999999999e-05
2026-04-20 18:01:01,YZY,1.1999999999999999e-05
2026-04-20 18:01:01,DOGE,1.1999999999999999e-05
2026-04-20 18:01:01,RESOLV,-3.2e-05
2026-04-20 18:01:01,AVAX,-4e-06
2026-04-20 18:01:01,AAVE,-5e-06
2026-04-20 18:01:01,LINK,-1.7e-05
2026-04-20 18:01:01,APT,-5e-06
2026-04-20 18:01:01,POL,1.1999999999999999e-05
2026-04-20 18:01:01,BTC,-4e-06
2026-04-20 18:01:01,STABLE,-4.7999999999999994e-05
2026-04-20 18:01:01,LDO,1.1999999999999999e-05
2026-04-20 18:01:01,TRX,-1.9e-05
2026-04-20 18:01:01,GRASS,1.1999999999999999e-05
2026-04-20 18:01:01,DOT,-1.5e-05
2026-04-20 18:01:01,XPL,-2e-06
2026-04-20 18:01:01,AXS,-3.6e-05
2026-04-20 18:01:01,CRV,1.1999999999999999e-05
2026-04-20 18:01:01,PAXG,8e-06
2026-04-20 18:01:01,ZRO,-9.400000000000001e-05
2026-04-20 18:01:01,ETHFI,1.1000000000000001e-05
2026-04-20 18:01:01,XMR,1.1999999999999999e-05
2026-04-20 18:01:01,STBL,1.1999999999999999e-05
2026-04-20 18:01:01,OP,1.1000000000000001e-05
2026-04-20 18:01:01,SEI,1.1999999999999999e-05
2026-04-20 18:01:01,MNT,1.1999999999999999e-05
2026-04-20 18:01:01,UNI,1.1999999999999999e-05
2026-04-20 18:01:01,DYDX,-4.4999999999999996e-05
2026-04-20 18:01:01,SOL,1.1999999999999999e-05
2026-04-20 18:01:01,LIT,1.1999999999999999e-05
2026-04-20 18:01:01,SPX,-1.3e-05
2026-04-20 18:01:01,ZK,1.1999999999999999e-05
2026-04-20 18:01:01,PYTH,-2.5e-05
2026-04-20 18:01:01,0G,1.1999999999999999e-05
2026-04-20 18:01:01,FOGO,-7e-06
2026-04-20 18:01:01,JTO,-8.7e-05
2026-04-20 18:01:01,WLFI,1.1999999999999999e-05
2026-04-20 18:01:01,S,1.1999999999999999e-05
2026-04-20 18:01:01,ETH,-4e-06
2026-04-20 18:01:01,AVNT,1.1999999999999999e-05
2026-04-20 18:01:01,2Z,-0.000115
2026-04-20 18:01:01,TAO,-5.3e-05
2026-04-20 18:01:01,CC,1.1999999999999999e-05
2026-04-20 18:01:01,MON,9e-06
2026-04-20 18:01:01,ICP,-5e-06
2026-04-20 18:01:01,XRP,-1.9e-05
2026-04-20 18:30:51,DASH,-1.3e-05
2026-04-20 18:30:51,WLFI,1.1999999999999999e-05
2026-04-20 18:30:51,STRK,1.1999999999999999e-05
2026-04-20 18:30:51,IP,-2.3999999999999997e-05
2026-04-20 18:30:51,APT,1.1999999999999999e-05
2026-04-20 18:30:51,LINK,-4e-06
2026-04-20 18:30:51,SKY,1.1999999999999999e-05
2026-04-20 18:30:51,KAITO,-7.5e-05
2026-04-20 18:30:51,FOGO,-2.2000000000000003e-05
2026-04-20 18:30:51,SUI,1.1999999999999999e-05
2026-04-20 18:30:51,2Z,-8.3e-05
2026-04-20 18:30:51,AXS,-1.7e-05
2026-04-20 18:30:51,DOT,-2.9999999999999997e-06
2026-04-20 18:30:51,HYPE,-7e-06
2026-04-20 18:30:51,PENDLE,1.1999999999999999e-05
2026-04-20 18:30:51,MORPHO,1.1999999999999999e-05
2026-04-20 18:30:51,ASTER,-1.4e-05
2026-04-20 18:30:51,ONDO,-3.8e-05
2026-04-20 18:30:51,TAO,-2.7000000000000002e-05
2026-04-20 18:30:51,BERA,1.1999999999999999e-05
2026-04-20 18:30:51,RESOLV,1.1999999999999999e-05
2026-04-20 18:30:51,PENGU,1.1999999999999999e-05
2026-04-20 18:30:51,STBL,1.1999999999999999e-05
2026-04-20 18:30:51,XPL,-2.5e-05
2026-04-20 18:30:51,LTC,1e-06
2026-04-20 18:30:51,ZEC,1.1999999999999999e-05
2026-04-20 18:30:51,HBAR,1.1999999999999999e-05
2026-04-20 18:30:51,CC,1.1999999999999999e-05
2026-04-20 18:30:51,EIGEN,-2.5e-05
2026-04-20 18:30:51,DYDX,1.1999999999999999e-05
2026-04-20 18:30:51,AZTEC,0.000112
2026-04-20 18:30:51,POL,1.1999999999999999e-05
2026-04-20 18:30:51,APEX,1.1999999999999999e-05
2026-04-20 18:30:51,NEAR,-2.9999999999999997e-06
2026-04-20 18:30:51,FARTCOIN,1.1999999999999999e-05
2026-04-20 18:30:51,ETH,-8e-06
2026-04-20 18:30:51,OP,5.999999999999999e-06
2026-04-20 18:30:51,MNT,1.1999999999999999e-05
2026-04-20 18:30:51,FIL,1.1999999999999999e-05
2026-04-20 18:30:51,ETHFI,1.1999999999999999e-05
2026-04-20 18:30:51,BCH,1.1999999999999999e-05
2026-04-20 18:30:51,ARB,-5e-06
2026-04-20 18:30:51,PYTH,-2.2000000000000003e-05
2026-04-20 18:30:51,STABLE,1e-05
2026-04-20 18:30:51,WLD,-0.00025299999999999997
2026-04-20 18:30:51,MEGA,1.1999999999999999e-05
2026-04-20 18:30:51,MET,1.1999999999999999e-05
2026-04-20 18:30:51,SPX,-1.3e-05
2026-04-20 18:30:51,MON,1.1999999999999999e-05
2026-04-20 18:30:51,TON,-4.7000000000000004e-05
2026-04-20 18:30:51,AERO,-0.000132
2026-04-20 18:30:51,AVAX,1.1999999999999999e-05
2026-04-20 18:30:51,ICP,-4.2e-05
2026-04-20 18:30:51,TRX,-1.1999999999999999e-05
2026-04-20 18:30:51,SEI,1.1999999999999999e-05
2026-04-20 18:30:51,AVNT,-1.4e-05
2026-04-20 18:30:51,XMR,1.1999999999999999e-05
2026-04-20 18:30:51,0G,-2.8999999999999997e-05
2026-04-20 18:30:51,TRUMP,-2e-06
2026-04-20 18:30:51,VIRTUAL,1.1999999999999999e-05
2026-04-20 18:30:51,LINEA,7e-06
2026-04-20 18:30:51,JTO,-8.999999999999999e-05
2026-04-20 18:30:51,XLM,1.1999999999999999e-05
2026-04-20 18:30:51,GRASS,1.1999999999999999e-05
2026-04-20 18:30:51,GMX,1.1999999999999999e-05
2026-04-20 18:30:51,ZORA,1.1999999999999999e-05
2026-04-20 18:30:51,JUP,-1.8e-05
2026-04-20 18:30:51,ZK,1.1999999999999999e-05
2026-04-20 18:30:51,BTC,-5.999999999999999e-06
2026-04-20 18:30:51,ENA,1.1999999999999999e-05
2026-04-20 18:30:51,PROVE,-4.3e-05
2026-04-20 18:30:51,PAXG,7e-06
2026-04-20 18:30:51,ADA,0.0
2026-04-20 18:30:51,YZY,1.1999999999999999e-05
2026-04-20 18:30:51,LIT,1.1999999999999999e-05
2026-04-20 18:30:51,SOL,1.1999999999999999e-05
2026-04-20 18:30:51,POPCAT,1.1999999999999999e-05
2026-04-20 18:30:51,CRV,1.1999999999999999e-05
2026-04-20 18:30:51,ZRO,-6e-05
2026-04-20 18:30:51,DOGE,1.1999999999999999e-05
2026-04-20 18:30:51,SYRUP,1.1999999999999999e-05
2026-04-20 18:30:51,BNB,2.9999999999999997e-06
2026-04-20 18:30:51,LDO,1.1999999999999999e-05
2026-04-20 18:30:51,WIF,-3.3e-05
2026-04-20 18:30:51,SKR,1.7e-05
2026-04-20 18:30:51,AAVE,8e-06
2026-04-20 18:30:51,TIA,-2e-06
2026-04-20 18:30:51,UNI,1.1999999999999999e-05
2026-04-20 18:30:51,XRP,-1.3e-05
2026-04-20 18:30:51,VVV,1.1999999999999999e-05
2026-04-20 18:30:51,PUMP,1.1999999999999999e-05
2026-04-20 18:30:51,S,1.1999999999999999e-05
2026-04-20 19:00:51,PENDLE,1.1999999999999999e-05
2026-04-20 19:00:51,SKY,1.1999999999999999e-05
2026-04-20 19:00:51,XRP,-1.1999999999999999e-05
2026-04-20 19:00:51,TAO,-3.7000000000000005e-05
2026-04-20 19:00:51,AVAX,0.0
2026-04-20 19:00:51,CC,1.1999999999999999e-05
2026-04-20 19:00:51,JUP,-2.3999999999999997e-05
2026-04-20 19:00:51,DOGE,1.1999999999999999e-05
2026-04-20 19:00:51,ADA,1.1000000000000001e-05
2026-04-20 19:00:51,PENGU,1.1999999999999999e-05
2026-04-20 19:00:51,PUMP,2.9999999999999997e-06
2026-04-20 19:00:51,ZORA,1.1999999999999999e-05
2026-04-20 19:00:51,DASH,-1.4e-05
2026-04-20 19:00:51,VVV,1.1999999999999999e-05
2026-04-20 19:00:51,POPCAT,1.1999999999999999e-05
2026-04-20 19:00:51,BERA,1.1000000000000001e-05
2026-04-20 19:00:51,TON,-5.7e-05
2026-04-20 19:00:51,LINK,-2.9999999999999997e-06
2026-04-20 19:00:51,AERO,-0.000167
2026-04-20 19:00:51,ETHFI,1.1999999999999999e-05
2026-04-20 19:00:51,SPX,-1.1999999999999999e-05
2026-04-20 19:00:51,OP,1.1999999999999999e-05
2026-04-20 19:00:51,MNT,1.1999999999999999e-05
2026-04-20 19:00:51,FARTCOIN,1.1999999999999999e-05
2026-04-20 19:00:51,LINEA,-1.8e-05
2026-04-20 19:00:51,WIF,-4.3e-05
2026-04-20 19:00:51,MET,1.1999999999999999e-05
2026-04-20 19:00:51,ETH,-1.5e-05
2026-04-20 19:00:51,ZK,1.1999999999999999e-05
2026-04-20 19:00:51,ARB,-1e-06
2026-04-20 19:00:51,BCH,1.1999999999999999e-05
2026-04-20 19:00:51,TRX,-1.9e-05
2026-04-20 19:00:51,0G,-7e-06
2026-04-20 19:00:51,AVNT,0.0
2026-04-20 19:00:51,POL,1.1999999999999999e-05
2026-04-20 19:00:51,STBL,1.1999999999999999e-05
2026-04-20 19:00:51,HYPE,-3.1e-05
2026-04-20 19:00:51,ZEC,1.1999999999999999e-05
2026-04-20 19:00:51,FOGO,-1.4e-05
2026-04-20 19:00:51,PAXG,2e-06
2026-04-20 19:00:51,NEAR,2e-06
2026-04-20 19:00:51,MORPHO,0.0
2026-04-20 19:00:51,GMX,1.1999999999999999e-05
2026-04-20 19:00:51,MON,1.1999999999999999e-05
2026-04-20 19:00:51,S,1.1999999999999999e-05
2026-04-20 19:00:51,AAVE,1.1999999999999999e-05
2026-04-20 19:00:51,WLFI,-1.8e-05
2026-04-20 19:00:51,LIT,1.1999999999999999e-05
2026-04-20 19:00:51,APT,-2.2000000000000003e-05
2026-04-20 19:00:51,JTO,-4.4000000000000006e-05
2026-04-20 19:00:51,IP,0.0
2026-04-20 19:00:51,TIA,4e-06
2026-04-20 19:00:51,EIGEN,-2.3999999999999997e-05
2026-04-20 19:00:51,XPL,-1.8e-05
2026-04-20 19:00:51,ENA,1.1999999999999999e-05
2026-04-20 19:00:51,RESOLV,1.1999999999999999e-05
2026-04-20 19:00:51,BNB,5.999999999999999e-06
2026-04-20 19:00:51,ASTER,1.1999999999999999e-05
2026-04-20 19:00:51,PYTH,-1.6e-05
2026-04-20 19:00:51,SUI,1.1999999999999999e-05
2026-04-20 19:00:51,KAITO,-5.6e-05
2026-04-20 19:00:51,MEGA,1.1999999999999999e-05
2026-04-20 19:00:51,ZRO,-6.4e-05
2026-04-20 19:00:51,LDO,1.1999999999999999e-05
2026-04-20 19:00:51,DYDX,-2.6e-05
2026-04-20 19:00:51,SEI,1.1999999999999999e-05
2026-04-20 19:00:51,PROVE,-9.599999999999999e-05
2026-04-20 19:00:51,BTC,-1.3e-05
2026-04-20 19:00:51,DOT,-4.6e-05
2026-04-20 19:00:51,XMR,1.1999999999999999e-05
2026-04-20 19:00:51,ICP,-3.8e-05
2026-04-20 19:00:51,CRV,1.1999999999999999e-05
2026-04-20 19:00:51,AXS,-4e-06
2026-04-20 19:00:51,STABLE,-7.400000000000001e-05
2026-04-20 19:00:51,SYRUP,1.1999999999999999e-05
2026-04-20 19:00:51,LTC,-2e-06
2026-04-20 19:00:51,UNI,1.1999999999999999e-05
2026-04-20 19:00:51,YZY,1.1999999999999999e-05
2026-04-20 19:00:51,VIRTUAL,-1e-06
2026-04-20 19:00:51,STRK,1.1999999999999999e-05
2026-04-20 19:00:51,WLD,-0.00029600000000000004
2026-04-20 19:00:51,AZTEC,-1.1000000000000001e-05
2026-04-20 19:00:51,FIL,-1.1000000000000001e-05
2026-04-20 19:00:51,GRASS,1.1999999999999999e-05
2026-04-20 19:00:51,SKR,1.1999999999999999e-05
2026-04-20 19:00:51,ONDO,-4.2e-05
2026-04-20 19:00:51,XLM,4.2e-05
2026-04-20 19:00:51,2Z,-8.4e-05
2026-04-20 19:00:51,TRUMP,5e-06
2026-04-20 19:00:51,HBAR,1.1999999999999999e-05
2026-04-20 19:00:51,APEX,1.1999999999999999e-05
2026-04-20 19:00:51,SOL,1.1999999999999999e-05
2026-04-20 19:30:46,ZORA,1.1999999999999999e-05
2026-04-20 19:30:46,AERO,-0.000149
2026-04-20 19:30:46,DASH,-2.3999999999999997e-05
2026-04-20 19:30:46,PUMP,1.1999999999999999e-05
2026-04-20 19:30:46,WLFI,-2.3e-05
2026-04-20 19:30:46,BCH,2e-06
2026-04-20 19:30:46,BTC,-2.2000000000000003e-05
2026-04-20 19:30:46,SOL,1.1999999999999999e-05
2026-04-20 19:30:46,PENGU,1.1999999999999999e-05
2026-04-20 19:30:46,MEGA,1.1999999999999999e-05
2026-04-20 19:30:46,ONDO,-4.9e-05
2026-04-20 19:30:46,JUP,-6.2e-05
2026-04-20 19:30:46,ZK,1.1999999999999999e-05
2026-04-20 19:30:46,SEI,1.1999999999999999e-05
2026-04-20 19:30:46,STBL,1.9e-05
2026-04-20 19:30:46,FIL,1.1999999999999999e-05
2026-04-20 19:30:46,MORPHO,1e-06
2026-04-20 19:30:46,POPCAT,1.1999999999999999e-05
2026-04-20 19:30:46,ASTER,4e-06
2026-04-20 19:30:46,CC,9e-06
2026-04-20 19:30:46,UNI,1.1999999999999999e-05
2026-04-20 19:30:46,MON,1.1999999999999999e-05
2026-04-20 19:30:46,XRP,-1.1999999999999999e-05
2026-04-20 19:30:46,LINK,1e-05
2026-04-20 19:30:46,PROVE,-9.900000000000001e-05
2026-04-20 19:30:46,RESOLV,1.1999999999999999e-05
2026-04-20 19:30:46,0G,-2.3999999999999997e-05
2026-04-20 19:30:46,APT,-1.8e-05
2026-04-20 19:30:46,PAXG,-1.3e-05
2026-04-20 19:30:46,HYPE,-4.6e-05
2026-04-20 19:30:46,DOGE,1.1999999999999999e-05
2026-04-20 19:30:46,WLD,-0.000302
2026-04-20 19:30:46,SKR,0.0
2026-04-20 19:30:46,HBAR,1.1999999999999999e-05
2026-04-20 19:30:46,AAVE,1.1999999999999999e-05
2026-04-20 19:30:46,POL,1.1999999999999999e-05
2026-04-20 19:30:46,TRX,-1.5e-05
2026-04-20 19:30:46,S,1.1999999999999999e-05
2026-04-20 19:30:46,2Z,-0.000125
2026-04-20 19:30:46,MNT,1.1999999999999999e-05
2026-04-20 19:30:46,ZRO,-6.3e-05
2026-04-20 19:30:46,ARB,-2.9999999999999997e-06
2026-04-20 19:30:46,DYDX,8e-06
2026-04-20 19:30:46,WIF,-1.5e-05
2026-04-20 19:30:46,YZY,1.1999999999999999e-05
2026-04-20 19:30:46,EIGEN,-3.8e-05
2026-04-20 19:30:46,NEAR,-5e-06
2026-04-20 19:30:46,VVV,1.1999999999999999e-05
2026-04-20 19:30:46,ADA,7e-06
2026-04-20 19:30:46,SPX,-2.8999999999999997e-05
2026-04-20 19:30:46,AVAX,5e-06
2026-04-20 19:30:46,JTO,-5.7999999999999994e-05
2026-04-20 19:30:46,DOT,-1.4e-05
2026-04-20 19:30:46,CRV,1.1999999999999999e-05
2026-04-20 19:30:46,SKY,1.1999999999999999e-05
2026-04-20 19:30:46,TAO,-3.8e-05
2026-04-20 19:30:46,XPL,-1e-06
2026-04-20 19:30:46,FARTCOIN,1.1999999999999999e-05
2026-04-20 19:30:46,ZEC,1.1999999999999999e-05
2026-04-20 19:30:46,APEX,1.1999999999999999e-05
2026-04-20 19:30:46,BERA,1.1999999999999999e-05
2026-04-20 19:30:46,AXS,5e-06
2026-04-20 19:30:46,VIRTUAL,1e-06
2026-04-20 19:30:46,LIT,1.1999999999999999e-05
2026-04-20 19:30:46,TIA,-1.5e-05
2026-04-20 19:30:46,AVNT,-2.1e-05
2026-04-20 19:30:46,TON,-6.5e-05
2026-04-20 19:30:46,ETH,-1.5e-05
2026-04-20 19:30:46,LTC,-5.999999999999999e-06
2026-04-20 19:30:46,ICP,-3.4e-05
2026-04-20 19:30:46,PYTH,-1.7e-05
2026-04-20 19:30:46,MET,1.1999999999999999e-05
2026-04-20 19:30:46,LDO,1.1999999999999999e-05
2026-04-20 19:30:46,TRUMP,0.0
2026-04-20 19:30:46,GRASS,1.1999999999999999e-05
2026-04-20 19:30:46,XLM,2.3999999999999997e-05
2026-04-20 19:30:46,IP,-1.1999999999999999e-05
2026-04-20 19:30:46,LINEA,-2.7000000000000002e-05
2026-04-20 19:30:46,FOGO,-7.3e-05
2026-04-20 19:30:46,SYRUP,1.1999999999999999e-05
2026-04-20 19:30:46,BNB,2.9999999999999997e-06
2026-04-20 19:30:46,AZTEC,1.1999999999999999e-05
2026-04-20 19:30:46,GMX,1.1999999999999999e-05
2026-04-20 19:30:46,ETHFI,1.1999999999999999e-05
2026-04-20 19:30:46,XMR,1.1999999999999999e-05
2026-04-20 19:30:46,SUI,1.1999999999999999e-05
2026-04-20 19:30:46,STRK,1.1999999999999999e-05
2026-04-20 19:30:46,KAITO,-2.8999999999999997e-05
2026-04-20 19:30:46,OP,4e-06
2026-04-20 19:30:46,PENDLE,1.1999999999999999e-05
2026-04-20 19:30:46,STABLE,-7.000000000000001e-05
2026-04-20 19:30:46,ENA,1.1999999999999999e-05
2026-04-20 20:00:51,WLD,-0.000305
2026-04-20 20:00:51,2Z,-0.000113
2026-04-20 20:00:51,APT,-1.6e-05
2026-04-20 20:00:51,YZY,1.1999999999999999e-05
2026-04-20 20:00:51,MEGA,1.1999999999999999e-05
2026-04-20 20:00:51,XRP,-1.4e-05
2026-04-20 20:00:51,FOGO,-6.8e-05
2026-04-20 20:00:51,PYTH,-2.5e-05
2026-04-20 20:00:51,PENDLE,1.1999999999999999e-05
2026-04-20 20:00:51,ONDO,-5e-05
2026-04-20 20:00:51,JTO,-7.1e-05
2026-04-20 20:00:51,OP,2.9999999999999997e-06
2026-04-20 20:00:51,MORPHO,2.9999999999999997e-06
2026-04-20 20:00:51,PUMP,1e-05
2026-04-20 20:00:51,AZTEC,1.1999999999999999e-05
2026-04-20 20:00:51,SPX,-4.2e-05
2026-04-20 20:00:51,TIA,-2.1e-05
2026-04-20 20:00:51,LDO,1.1999999999999999e-05
2026-04-20 20:00:51,APEX,1.1999999999999999e-05
2026-04-20 20:00:51,AXS,-2e-06
2026-04-20 20:00:51,FIL,7e-06
2026-04-20 20:00:51,BTC,-1.6e-05
2026-04-20 20:00:51,AERO,-0.00013
2026-04-20 20:00:51,GRASS,1.1999999999999999e-05
2026-04-20 20:00:51,DOT,-1.8e-05
2026-04-20 20:00:51,PENGU,7e-06
2026-04-20 20:00:51,DASH,-2.2000000000000003e-05
2026-04-20 20:00:51,AVAX,2e-06
2026-04-20 20:00:51,ZEC,1.1999999999999999e-05
2026-04-20 20:00:51,MET,1.1999999999999999e-05
2026-04-20 20:00:51,EIGEN,-5.1000000000000006e-05
2026-04-20 20:00:51,XPL,4e-06
2026-04-20 20:00:51,LTC,-8e-06
2026-04-20 20:00:51,AVNT,-5.4000000000000005e-05
2026-04-20 20:00:51,LINEA,-1.8e-05
2026-04-20 20:00:51,TON,-7.000000000000001e-05
2026-04-20 20:00:51,PROVE,-8.2e-05
2026-04-20 20:00:51,XMR,1.9e-05
2026-04-20 20:00:51,GMX,1.1999999999999999e-05
2026-04-20 20:00:51,SUI,1.1999999999999999e-05
2026-04-20 20:00:51,BNB,-1e-06
2026-04-20 20:00:51,VVV,1.1999999999999999e-05
2026-04-20 20:00:51,S,1.1999999999999999e-05
2026-04-20 20:00:51,MON,1.1999999999999999e-05
2026-04-20 20:00:51,SKY,1.1999999999999999e-05
2026-04-20 20:00:51,CC,1.1999999999999999e-05
2026-04-20 20:00:51,SEI,1.1999999999999999e-05
2026-04-20 20:00:51,ETH,-1.3e-05
2026-04-20 20:00:51,ENA,7e-06
2026-04-20 20:00:51,WLFI,-2.8999999999999997e-05
2026-04-20 20:00:51,ASTER,1.1999999999999999e-05
2026-04-20 20:00:51,STBL,1.6e-05
2026-04-20 20:00:51,STABLE,-5.4000000000000005e-05
2026-04-20 20:00:51,0G,-1.4e-05
2026-04-20 20:00:51,PAXG,-1.8e-05
2026-04-20 20:00:51,WIF,-1.5e-05
2026-04-20 20:00:51,LINK,2.9999999999999997e-06
2026-04-20 20:00:51,ZRO,-7.1e-05
2026-04-20 20:00:51,TAO,-4e-05
2026-04-20 20:00:51,STRK,1.1999999999999999e-05
2026-04-20 20:00:51,ZORA,1.1999999999999999e-05
2026-04-20 20:00:51,DYDX,-2e-06
2026-04-20 20:00:51,JUP,-6.1000000000000005e-05
2026-04-20 20:00:51,ADA,2.9999999999999997e-06
2026-04-20 20:00:51,CRV,1.1999999999999999e-05
2026-04-20 20:00:51,POL,9e-06
2026-04-20 20:00:51,MNT,1.1999999999999999e-05
2026-04-20 20:00:51,AAVE,1.1999999999999999e-05
2026-04-20 20:00:51,ZK,1.1999999999999999e-05
2026-04-20 20:00:51,HBAR,1.1999999999999999e-05
2026-04-20 20:00:51,UNI,1.1999999999999999e-05
2026-04-20 20:00:51,POPCAT,1.1999999999999999e-05
2026-04-20 20:00:51,SYRUP,1.1999999999999999e-05
2026-04-20 20:00:51,TRUMP,0.0
2026-04-20 20:00:51,FARTCOIN,1.1999999999999999e-05
2026-04-20 20:00:51,KAITO,-1.5e-05
2026-04-20 20:00:51,BERA,1.1999999999999999e-05
2026-04-20 20:00:51,ARB,-5e-06
2026-04-20 20:00:51,XLM,1.1999999999999999e-05
2026-04-20 20:00:51,ETHFI,1.1999999999999999e-05
2026-04-20 20:00:51,VIRTUAL,-2.9999999999999997e-06
2026-04-20 20:00:51,LIT,1.1999999999999999e-05
2026-04-20 20:00:51,DOGE,1.1999999999999999e-05
2026-04-20 20:00:51,ICP,-2.6e-05
2026-04-20 20:00:51,HYPE,-4.3e-05
2026-04-20 20:00:51,SOL,1.1999999999999999e-05
2026-04-20 20:00:51,NEAR,-1e-05
2026-04-20 20:00:51,TRX,-1.8e-05
2026-04-20 20:00:51,SKR,1.1999999999999999e-05
2026-04-20 20:00:51,IP,-1.7e-05
2026-04-20 20:00:51,RESOLV,-5e-06
2026-04-20 20:00:51,BCH,2.9999999999999997e-06
2026-04-20 20:30:52,PROVE,-1.8e-05
2026-04-20 20:30:52,PENDLE,1.1999999999999999e-05
2026-04-20 20:30:52,DOGE,1.1999999999999999e-05
2026-04-20 20:30:52,POPCAT,1.1999999999999999e-05
2026-04-20 20:30:52,SUI,1.1000000000000001e-05
2026-04-20 20:30:52,UNI,1.1999999999999999e-05
2026-04-20 20:30:52,MEGA,1.1999999999999999e-05
2026-04-20 20:30:52,AZTEC,1.1999999999999999e-05
2026-04-20 20:30:52,NEAR,-5.999999999999999e-06
2026-04-20 20:30:52,BTC,-1.5e-05
2026-04-20 20:30:52,CC,1.1999999999999999e-05
2026-04-20 20:30:52,VIRTUAL,-1.7e-05
2026-04-20 20:30:52,0G,-2e-06
2026-04-20 20:30:52,S,1.1999999999999999e-05
2026-04-20 20:30:52,FOGO,-5.3e-05
2026-04-20 20:30:52,AAVE,1.1999999999999999e-05
2026-04-20 20:30:52,MET,1.1999999999999999e-05
2026-04-20 20:30:52,PUMP,-1.1999999999999999e-05
2026-04-20 20:30:52,BCH,1e-06
2026-04-20 20:30:52,FARTCOIN,1.1999999999999999e-05
2026-04-20 20:30:52,CRV,1.1999999999999999e-05
2026-04-20 20:30:52,DYDX,1.1999999999999999e-05
2026-04-20 20:30:52,SKY,1.1999999999999999e-05
2026-04-20 20:30:52,ZK,1.1999999999999999e-05
2026-04-20 20:30:52,XRP,-2.1e-05
2026-04-20 20:30:52,FIL,-8e-06
2026-04-20 20:30:52,ENA,1.1999999999999999e-05
2026-04-20 20:30:52,EIGEN,-5.3e-05
2026-04-20 20:30:52,TRX,-1.7e-05
2026-04-20 20:30:52,PYTH,-3.2e-05
2026-04-20 20:30:52,LINEA,-4e-06
2026-04-20 20:30:52,SPX,-3.6e-05
2026-04-20 20:30:52,LTC,-1e-06
2026-04-20 20:30:52,OP,1.1999999999999999e-05
2026-04-20 20:30:52,APT,-1.5e-05
2026-04-20 20:30:52,YZY,5.7999999999999994e-05
2026-04-20 20:30:52,ICP,-2e-06
2026-04-20 20:30:52,JUP,-4.4000000000000006e-05
2026-04-20 20:30:52,ZORA,1.1999999999999999e-05
2026-04-20 20:30:52,POL,1.1999999999999999e-05
2026-04-20 20:30:52,ADA,-5e-06
2026-04-20 20:30:52,MNT,1.1999999999999999e-05
2026-04-20 20:30:52,RESOLV,1.1999999999999999e-05
2026-04-20 20:30:52,SOL,1.1999999999999999e-05
2026-04-20 20:30:52,KAITO,1.1999999999999999e-05
2026-04-20 20:30:52,BERA,-1e-06
2026-04-20 20:30:52,2Z,-6.8e-05
2026-04-20 20:30:52,ETH,-8e-06
2026-04-20 20:30:52,MORPHO,1.1999999999999999e-05
2026-04-20 20:30:52,PENGU,1.1999999999999999e-05
2026-04-20 20:30:52,TON,-6.9e-05
2026-04-20 20:30:52,ONDO,-4.1e-05
2026-04-20 20:30:52,DASH,1e-06
2026-04-20 20:30:52,STABLE,-1.9e-05
2026-04-20 20:30:52,IP,-7.6e-05
2026-04-20 20:30:52,XLM,1.1999999999999999e-05
2026-04-20 20:30:52,WLD,-0.00029499999999999996
2026-04-20 20:30:52,WLFI,-4.4999999999999996e-05
2026-04-20 20:30:52,AVNT,-5.7999999999999994e-05
2026-04-20 20:30:52,AERO,-0.000101
2026-04-20 20:30:52,APEX,1.1999999999999999e-05
2026-04-20 20:30:52,LIT,1.1999999999999999e-05
2026-04-20 20:30:52,ARB,-8e-06
2026-04-20 20:30:52,AXS,-5.7e-05
2026-04-20 20:30:52,ZEC,1.1999999999999999e-05
2026-04-20 20:30:52,LDO,1.1999999999999999e-05
2026-04-20 20:30:52,STBL,1.1999999999999999e-05
2026-04-20 20:30:52,MON,-9e-06
2026-04-20 20:30:52,HYPE,-1.6e-05
2026-04-20 20:30:52,TAO,-3.4e-05
2026-04-20 20:30:52,TIA,-1.6e-05
2026-04-20 20:30:52,HBAR,1e-06
2026-04-20 20:30:52,LINK,-7e-06
2026-04-20 20:30:52,ETHFI,1.1999999999999999e-05
2026-04-20 20:30:52,XMR,3.1e-05
2026-04-20 20:30:52,BNB,-1.1000000000000001e-05
2026-04-20 20:30:52,AVAX,-2.1e-05
2026-04-20 20:30:52,ZRO,-8.3e-05
2026-04-20 20:30:52,STRK,1.1999999999999999e-05
2026-04-20 20:30:52,XPL,1.1999999999999999e-05
2026-04-20 20:30:52,PAXG,-1.9e-05
2026-04-20 20:30:52,SEI,1.1999999999999999e-05
2026-04-20 20:30:52,TRUMP,-8e-06
2026-04-20 20:30:52,DOT,-1.1000000000000001e-05
2026-04-20 20:30:52,GMX,1.1999999999999999e-05
2026-04-20 20:30:52,WIF,9e-06
2026-04-20 20:30:52,SKR,1.1999999999999999e-05
2026-04-20 20:30:52,VVV,1.1999999999999999e-05
2026-04-20 20:30:52,JTO,-7.400000000000001e-05
2026-04-20 20:30:52,GRASS,1.1999999999999999e-05
2026-04-20 20:30:52,ASTER,1.1999999999999999e-05
2026-04-20 20:30:52,SYRUP,1.1999999999999999e-05
2026-04-20 21:00:53,AVNT,-2.2000000000000003e-05
2026-04-20 21:00:53,PYTH,-3.8e-05
2026-04-20 21:00:53,AZTEC,1.1999999999999999e-05
2026-04-20 21:00:53,LIT,1.1999999999999999e-05
2026-04-20 21:00:53,WLFI,-2e-05
2026-04-20 21:00:53,XMR,4.4000000000000006e-05
2026-04-20 21:00:53,LINEA,-7e-06
2026-04-20 21:00:53,ZK,0.0
2026-04-20 21:00:53,ADA,-2.1e-05
2026-04-20 21:00:53,KAITO,0.0
2026-04-20 21:00:53,XLM,1.1999999999999999e-05
2026-04-20 21:00:53,SKY,1.1999999999999999e-05
2026-04-20 21:00:53,TRX,-1.1999999999999999e-05
2026-04-20 21:00:53,GMX,1.1999999999999999e-05
2026-04-20 21:00:53,SEI,4e-06
2026-04-20 21:00:53,BCH,8e-06
2026-04-20 21:00:53,OP,1.1999999999999999e-05
2026-04-20 21:00:53,ARB,-1.3e-05
2026-04-20 21:00:53,APEX,1.1999999999999999e-05
2026-04-20 21:00:53,STABLE,-3.8e-05
2026-04-20 21:00:53,FIL,-3e-05
2026-04-20 21:00:53,STRK,1.1999999999999999e-05
2026-04-20 21:00:53,MNT,1.1999999999999999e-05
2026-04-20 21:00:53,MET,1.1999999999999999e-05
2026-04-20 21:00:53,ONDO,-2.5e-05
2026-04-20 21:00:53,S,-5e-06
2026-04-20 21:00:53,POPCAT,1.1999999999999999e-05
2026-04-20 21:00:53,FOGO,-6.6e-05
2026-04-20 21:00:53,XPL,-1e-05
2026-04-20 21:00:53,NEAR,-2.1e-05
2026-04-20 21:00:53,HBAR,-2.9999999999999997e-06
2026-04-20 21:00:53,PROVE,-2.3e-05
2026-04-20 21:00:53,PENGU,4e-06
2026-04-20 21:00:53,ZRO,-2.9999999999999997e-06
2026-04-20 21:00:53,MORPHO,-5.999999999999999e-06
2026-04-20 21:00:53,EIGEN,-5.7e-05
2026-04-20 21:00:53,BERA,-5e-05
2026-04-20 21:00:53,AAVE,5e-06
2026-04-20 21:00:53,ASTER,1.1999999999999999e-05
2026-04-20 21:00:53,MON,-9e-06
2026-04-20 21:00:53,MEGA,0.000291
2026-04-20 21:00:53,XRP,-1.6e-05
2026-04-20 21:00:53,HYPE,5.999999999999999e-06
2026-04-20 21:00:53,WIF,1.1999999999999999e-05
2026-04-20 21:00:53,TIA,-1e-06
2026-04-20 21:00:53,BTC,-1.6e-05
2026-04-20 21:00:53,JUP,-5e-06
2026-04-20 21:00:53,VIRTUAL,-1.6e-05
2026-04-20 21:00:53,TRUMP,-2e-05
2026-04-20 21:00:53,SKR,1.1999999999999999e-05
2026-04-20 21:00:53,SYRUP,1.1999999999999999e-05
2026-04-20 21:00:53,STBL,7.900000000000001e-05
2026-04-20 21:00:53,PAXG,-1e-05
2026-04-20 21:00:53,FARTCOIN,1.1999999999999999e-05
2026-04-20 21:00:53,LDO,1.1999999999999999e-05
2026-04-20 21:00:53,AERO,-0.000105
2026-04-20 21:00:53,IP,-2e-05
2026-04-20 21:00:53,ZORA,1.1999999999999999e-05
2026-04-20 21:00:53,AXS,-3.1e-05
2026-04-20 21:00:53,ZEC,1.1999999999999999e-05
2026-04-20 21:00:53,GRASS,1.1999999999999999e-05
2026-04-20 21:00:53,APT,2e-06
2026-04-20 21:00:53,CRV,1.1999999999999999e-05
2026-04-20 21:00:53,LTC,5e-06
2026-04-20 21:00:53,CC,1.1999999999999999e-05
2026-04-20 21:00:53,TAO,-2.2000000000000003e-05
2026-04-20 21:00:53,DOT,-2.5e-05
2026-04-20 21:00:53,2Z,-3.9e-05
2026-04-20 21:00:53,SUI,1.1999999999999999e-05
2026-04-20 21:00:53,DOGE,1.1999999999999999e-05
2026-04-20 21:00:53,POL,1.1999999999999999e-05
2026-04-20 21:00:53,UNI,8e-06
2026-04-20 21:00:53,ETHFI,1.1999999999999999e-05
2026-04-20 21:00:53,0G,5.999999999999999e-06
2026-04-20 21:00:53,AVAX,-2.6e-05
2026-04-20 21:00:53,SPX,-2.3e-05
2026-04-20 21:00:53,ICP,-2.8999999999999997e-05
2026-04-20 21:00:53,ETH,-2.7000000000000002e-05
2026-04-20 21:00:53,JTO,-3.9e-05
2026-04-20 21:00:53,DYDX,1e-05
2026-04-20 21:00:53,DASH,9e-06
2026-04-20 21:00:53,SOL,1.1999999999999999e-05
2026-04-20 21:00:53,VVV,1.1999999999999999e-05
2026-04-20 21:00:53,PUMP,-5.999999999999999e-06
2026-04-20 21:00:53,RESOLV,0.0
2026-04-20 21:00:53,ENA,-1.1000000000000001e-05
2026-04-20 21:00:53,BNB,-2.9999999999999997e-06
2026-04-20 21:00:53,TON,-5.7e-05
2026-04-20 21:00:53,YZY,3.1e-05
2026-04-20 21:00:53,LINK,2e-06
2026-04-20 21:00:53,PENDLE,1.1999999999999999e-05
2026-04-20 21:00:53,WLD,-0.000292
2026-04-20 21:30:45,JTO,-3.8e-05
2026-04-20 21:30:45,MEGA,1.3e-05
2026-04-20 21:30:45,RESOLV,1.1999999999999999e-05
2026-04-20 21:30:45,PYTH,-1e-05
2026-04-20 21:30:45,POPCAT,1.1999999999999999e-05
2026-04-20 21:30:45,PROVE,-2.3e-05
2026-04-20 21:30:45,AAVE,1.1999999999999999e-05
2026-04-20 21:30:45,AXS,1e-05
2026-04-20 21:30:45,STRK,1.1999999999999999e-05
2026-04-20 21:30:45,XLM,1.1999999999999999e-05
2026-04-20 21:30:45,TRX,-9e-06
2026-04-20 21:30:45,DASH,1.1999999999999999e-05
2026-04-20 21:30:45,SKR,1.1999999999999999e-05
2026-04-20 21:30:45,AZTEC,1.1999999999999999e-05
2026-04-20 21:30:45,SYRUP,1.1999999999999999e-05
2026-04-20 21:30:45,XPL,1.1999999999999999e-05
2026-04-20 21:30:45,ENA,1.1999999999999999e-05
2026-04-20 21:30:45,HBAR,1.1999999999999999e-05
2026-04-20 21:30:45,MORPHO,-7e-06
2026-04-20 21:30:45,0G,1.1999999999999999e-05
2026-04-20 21:30:45,FIL,-5e-06
2026-04-20 21:30:45,SUI,1.1999999999999999e-05
2026-04-20 21:30:45,WIF,1.1999999999999999e-05
2026-04-20 21:30:45,SPX,-1.7e-05
2026-04-20 21:30:45,ASTER,1.1999999999999999e-05
2026-04-20 21:30:45,MET,1.1999999999999999e-05
2026-04-20 21:30:45,XRP,-7e-06
2026-04-20 21:30:45,ICP,-3.9e-05
2026-04-20 21:30:45,ADA,1.1999999999999999e-05
2026-04-20 21:30:45,WLFI,-1.9e-05
2026-04-20 21:30:45,VIRTUAL,-5.999999999999999e-06
2026-04-20 21:30:45,NEAR,2.9999999999999997e-06
2026-04-20 21:30:45,ONDO,-1.6e-05
2026-04-20 21:30:45,STABLE,-0.00016299999999999998
2026-04-20 21:30:45,JUP,1.1999999999999999e-05
2026-04-20 21:30:45,FOGO,-0.000101
2026-04-20 21:30:45,ZEC,1.1999999999999999e-05
2026-04-20 21:30:45,ZRO,1.1999999999999999e-05
2026-04-20 21:30:45,FARTCOIN,1.1999999999999999e-05
2026-04-20 21:30:45,DOGE,1.1999999999999999e-05
2026-04-20 21:30:45,SKY,1.1999999999999999e-05
2026-04-20 21:30:45,DOT,-7e-06
2026-04-20 21:30:45,SOL,1.1999999999999999e-05
2026-04-20 21:30:45,ZORA,1.1999999999999999e-05
2026-04-20 21:30:45,BTC,-5e-06
2026-04-20 21:30:45,EIGEN,-3.1e-05
2026-04-20 21:30:45,BCH,1.1999999999999999e-05
2026-04-20 21:30:45,ETHFI,1.1999999999999999e-05
2026-04-20 21:30:45,APT,1.1999999999999999e-05
2026-04-20 21:30:45,LTC,7e-06
2026-04-20 21:30:45,UNI,1.1999999999999999e-05
2026-04-20 21:30:45,ZK,1.1999999999999999e-05
2026-04-20 21:30:45,TAO,-1.3e-05
2026-04-20 21:30:45,AVAX,9e-06
2026-04-20 21:30:45,2Z,-3.8e-05
2026-04-20 21:30:45,ETH,-2.9999999999999997e-06
2026-04-20 21:30:45,LIT,1.1999999999999999e-05
2026-04-20 21:30:45,GMX,1.1999999999999999e-05
2026-04-20 21:30:45,WLD,-0.00021700000000000002
2026-04-20 21:30:45,IP,-2.3999999999999997e-05
2026-04-20 21:30:45,LINEA,-7e-06
2026-04-20 21:30:45,CC,1.1999999999999999e-05
2026-04-20 21:30:45,MNT,1.1999999999999999e-05
2026-04-20 21:30:45,TON,-5.6e-05
2026-04-20 21:30:45,VVV,1.1999999999999999e-05
2026-04-20 21:30:45,AERO,-0.00013299999999999998
2026-04-20 21:30:45,TIA,-2e-06
2026-04-20 21:30:45,APEX,1.1999999999999999e-05
2026-04-20 21:30:45,PENDLE,1.1999999999999999e-05
2026-04-20 21:30:45,YZY,1.1999999999999999e-05
2026-04-20 21:30:45,LINK,1.1999999999999999e-05
2026-04-20 21:30:45,GRASS,1.1999999999999999e-05
2026-04-20 21:30:45,S,1.1999999999999999e-05
2026-04-20 21:30:45,XMR,3.3e-05
2026-04-20 21:30:45,PUMP,8e-06
2026-04-20 21:30:45,DYDX,1.1999999999999999e-05
2026-04-20 21:30:45,STBL,7.5e-05
2026-04-20 21:30:45,MON,1.1999999999999999e-05
2026-04-20 21:30:45,PAXG,-4e-06
2026-04-20 21:30:45,CRV,1.1999999999999999e-05
2026-04-20 21:30:45,AVNT,-5e-06
2026-04-20 21:30:45,SEI,1.1999999999999999e-05
2026-04-20 21:30:45,POL,-1e-06
2026-04-20 21:30:45,OP,1.1999999999999999e-05
2026-04-20 21:30:45,KAITO,-5.999999999999999e-06
2026-04-20 21:30:45,BNB,5e-06
2026-04-20 21:30:45,PENGU,1.1999999999999999e-05
2026-04-20 21:30:45,HYPE,2.9999999999999997e-06
2026-04-20 21:30:45,BERA,-1.8e-05
2026-04-20 21:30:45,LDO,1.1999999999999999e-05
2026-04-20 21:30:45,TRUMP,1e-06
2026-04-20 21:30:45,ARB,1e-06
2026-04-20 22:00:49,PYTH,-3e-05
2026-04-20 22:00:49,ICP,-4.2e-05
2026-04-20 22:00:49,TON,-5.9e-05
2026-04-20 22:00:49,LDO,1.1999999999999999e-05
2026-04-20 22:00:49,NEAR,-2.1e-05
2026-04-20 22:00:49,PUMP,0.0
2026-04-20 22:00:49,VIRTUAL,-2.2000000000000003e-05
2026-04-20 22:00:49,ZEC,1.1999999999999999e-05
2026-04-20 22:00:49,BTC,-4e-06
2026-04-20 22:00:49,ZK,1.1999999999999999e-05
2026-04-20 22:00:49,SKR,1.1999999999999999e-05
2026-04-20 22:00:49,ENA,1.1999999999999999e-05
2026-04-20 22:00:49,HBAR,1.1999999999999999e-05
2026-04-20 22:00:49,DYDX,1.1999999999999999e-05
2026-04-20 22:00:49,SEI,1.1999999999999999e-05
2026-04-20 22:00:49,ETHFI,1.1999999999999999e-05
2026-04-20 22:00:49,AAVE,1.1999999999999999e-05
2026-04-20 22:00:49,LINK,1.1999999999999999e-05
2026-04-20 22:00:49,APT,-3.5000000000000004e-05
2026-04-20 22:00:49,MORPHO,-2.2000000000000003e-05
2026-04-20 22:00:49,SPX,-2.1e-05
2026-04-20 22:00:49,WLFI,-2.7000000000000002e-05
2026-04-20 22:00:49,PENGU,1.1999999999999999e-05
2026-04-20 22:00:49,AERO,-7.3e-05
2026-04-20 22:00:49,ARB,-1e-06
2026-04-20 22:00:49,KAITO,1e-05
2026-04-20 22:00:49,HYPE,-1e-06
2026-04-20 22:00:49,TAO,1.1999999999999999e-05
2026-04-20 22:00:49,RESOLV,1.1999999999999999e-05
2026-04-20 22:00:49,STRK,1.1999999999999999e-05
2026-04-20 22:00:49,TRUMP,1e-05
2026-04-20 22:00:49,JTO,-3.4e-05
2026-04-20 22:00:49,JUP,1.1999999999999999e-05
2026-04-20 22:00:49,IP,-7.7e-05
2026-04-20 22:00:49,ASTER,1.1999999999999999e-05
2026-04-20 22:00:49,AVAX,0.0
2026-04-20 22:00:49,AZTEC,1.1999999999999999e-05
2026-04-20 22:00:49,TRX,-1.3e-05
2026-04-20 22:00:49,AXS,1.1999999999999999e-05
2026-04-20 22:00:49,ETH,-1.7e-05
2026-04-20 22:00:49,PENDLE,1.1999999999999999e-05
2026-04-20 22:00:49,BCH,1.1999999999999999e-05
2026-04-20 22:00:49,TIA,0.0
2026-04-20 22:00:49,DOT,5e-06
2026-04-20 22:00:49,FARTCOIN,1.1999999999999999e-05
2026-04-20 22:00:49,SOL,-2.9999999999999997e-06
2026-04-20 22:00:49,YZY,1e-05
2026-04-20 22:00:49,ZRO,1.1999999999999999e-05
2026-04-20 22:00:49,GMX,1.1999999999999999e-05
2026-04-20 22:00:49,ONDO,-2.5e-05
2026-04-20 22:00:49,XMR,1.6e-05
2026-04-20 22:00:49,PAXG,4e-06
2026-04-20 22:00:49,WIF,0.0
2026-04-20 22:00:49,BNB,7e-06
2026-04-20 22:00:49,0G,5e-06
2026-04-20 22:00:49,VVV,1.1999999999999999e-05
2026-04-20 22:00:49,POPCAT,1.1999999999999999e-05
2026-04-20 22:00:49,APEX,1.1999999999999999e-05
2026-04-20 22:00:49,MON,1.1999999999999999e-05
2026-04-20 22:00:49,UNI,1.1999999999999999e-05
2026-04-20 22:00:49,POL,-1.3e-05
2026-04-20 22:00:49,LINEA,-5.1000000000000006e-05
2026-04-20 22:00:49,MNT,1.1999999999999999e-05
2026-04-20 22:00:49,XPL,1.1999999999999999e-05
2026-04-20 22:00:49,DOGE,9e-06
2026-04-20 22:00:49,BERA,0.0
2026-04-20 22:00:49,2Z,-3.5000000000000004e-05
2026-04-20 22:00:49,EIGEN,-8.099999999999999e-05
2026-04-20 22:00:49,XRP,-5.999999999999999e-06
2026-04-20 22:00:49,OP,-7e-06
2026-04-20 22:00:49,STABLE,-0.000206
2026-04-20 22:00:49,CRV,1.1999999999999999e-05
2026-04-20 22:00:49,WLD,-0.00020400000000000003
2026-04-20 22:00:49,SUI,0.0
2026-04-20 22:00:49,AVNT,1e-06
2026-04-20 22:00:49,LIT,1.1999999999999999e-05
2026-04-20 22:00:49,LTC,5.999999999999999e-06
2026-04-20 22:00:49,MEGA,1.1999999999999999e-05
2026-04-20 22:00:49,GRASS,1.1999999999999999e-05
2026-04-20 22:00:49,ADA,1.1999999999999999e-05
2026-04-20 22:00:49,SKY,1.1999999999999999e-05
2026-04-20 22:00:49,MET,7e-06
2026-04-20 22:00:49,FOGO,-9.2e-05
2026-04-20 22:00:49,SYRUP,1.1999999999999999e-05
2026-04-20 22:00:49,PROVE,-5.999999999999999e-06
2026-04-20 22:00:49,XLM,1.1999999999999999e-05
2026-04-20 22:00:49,S,1.1999999999999999e-05
2026-04-20 22:00:49,STBL,5.4000000000000005e-05
2026-04-20 22:00:49,CC,1.1999999999999999e-05
2026-04-20 22:00:49,ZORA,1.1999999999999999e-05
2026-04-20 22:00:49,FIL,1e-06
2026-04-20 22:00:49,DASH,1.1000000000000001e-05
2026-04-20 22:30:44,DASH,1.1999999999999999e-05
2026-04-20 22:30:44,POPCAT,1.1999999999999999e-05
2026-04-20 22:30:44,ARB,0.0
2026-04-20 22:30:44,MNT,1.1999999999999999e-05
2026-04-20 22:30:44,WLFI,-5.4999999999999995e-05
2026-04-20 22:30:44,MON,1.1999999999999999e-05
2026-04-20 22:30:44,RESOLV,1.1999999999999999e-05
2026-04-20 22:30:44,SYRUP,1.1999999999999999e-05
2026-04-20 22:30:44,BNB,8e-06
2026-04-20 22:30:44,EIGEN,-6.2e-05
2026-04-20 22:30:44,DOT,8e-06
2026-04-20 22:30:44,LTC,2.9999999999999997e-06
2026-04-20 22:30:44,SUI,7e-06
2026-04-20 22:30:44,DOGE,1.1999999999999999e-05
2026-04-20 22:30:44,ZK,1.1999999999999999e-05
2026-04-20 22:30:44,APEX,1.1999999999999999e-05
2026-04-20 22:30:44,BERA,8e-06
2026-04-20 22:30:44,HYPE,4e-06
2026-04-20 22:30:44,YZY,1.1999999999999999e-05
2026-04-20 22:30:44,STRK,9e-06
2026-04-20 22:30:44,XPL,1.1999999999999999e-05
2026-04-20 22:30:44,2Z,-3.3e-05
2026-04-20 22:30:44,MET,1.1999999999999999e-05
2026-04-20 22:30:44,ETHFI,1.1999999999999999e-05
2026-04-20 22:30:44,AERO,-5.1000000000000006e-05
2026-04-20 22:30:44,CRV,1.1999999999999999e-05
2026-04-20 22:30:44,APT,2e-06
2026-04-20 22:30:44,ADA,1.1999999999999999e-05
2026-04-20 22:30:44,SOL,1.1999999999999999e-05
2026-04-20 22:30:44,PAXG,-1e-05
2026-04-20 22:30:44,NEAR,-1.5e-05
2026-04-20 22:30:44,ICP,-3.8e-05
2026-04-20 22:30:44,AAVE,1.1999999999999999e-05
2026-04-20 22:30:44,SKY,1.1999999999999999e-05
2026-04-20 22:30:44,TRUMP,1.1999999999999999e-05
2026-04-20 22:30:44,LINEA,-3.9e-05
2026-04-20 22:30:44,ASTER,1.1999999999999999e-05
2026-04-20 22:30:44,LDO,1.1999999999999999e-05
2026-04-20 22:30:44,TAO,1.1999999999999999e-05
2026-04-20 22:30:44,SPX,-2e-05
2026-04-20 22:30:44,VIRTUAL,-5.999999999999999e-06
2026-04-20 22:30:44,AZTEC,1.1999999999999999e-05
2026-04-20 22:30:44,JUP,-1.6e-05
2026-04-20 22:30:44,ZEC,1.1999999999999999e-05
2026-04-20 22:30:44,WLD,-0.00016199999999999998
2026-04-20 22:30:44,PENDLE,1.1999999999999999e-05
2026-04-20 22:30:44,ZRO,1.1999999999999999e-05
2026-04-20 22:30:44,BCH,1.1999999999999999e-05
2026-04-20 22:30:44,XLM,1.1999999999999999e-05
2026-04-20 22:30:44,STBL,0.00012200000000000001
2026-04-20 22:30:44,PENGU,1.1999999999999999e-05
2026-04-20 22:30:44,JTO,-3.2e-05
2026-04-20 22:30:44,TIA,-1.6e-05
2026-04-20 22:30:44,AVAX,7e-06
2026-04-20 22:30:44,AVNT,1.1999999999999999e-05
2026-04-20 22:30:44,IP,-7.5e-05
2026-04-20 22:30:44,FOGO,-4e-05
2026-04-20 22:30:44,HBAR,1.1999999999999999e-05
2026-04-20 22:30:44,VVV,1.1999999999999999e-05
2026-04-20 22:30:44,SKR,1.1999999999999999e-05
2026-04-20 22:30:44,FIL,1.1999999999999999e-05
2026-04-20 22:30:44,POL,-5e-06
2026-04-20 22:30:44,OP,-1.7e-05
2026-04-20 22:30:44,MEGA,1.1999999999999999e-05
2026-04-20 22:30:44,FARTCOIN,1.1999999999999999e-05
2026-04-20 22:30:44,AXS,1.1999999999999999e-05
2026-04-20 22:30:44,PUMP,5e-06
2026-04-20 22:30:44,TRX,-1.1000000000000001e-05
2026-04-20 22:30:44,LIT,1.1999999999999999e-05
2026-04-20 22:30:44,XRP,0.0
2026-04-20 22:30:44,KAITO,5e-06
2026-04-20 22:30:44,GMX,1.1999999999999999e-05
2026-04-20 22:30:44,DYDX,1e-05
2026-04-20 22:30:44,LINK,1.1999999999999999e-05
2026-04-20 22:30:44,ENA,1.1999999999999999e-05
2026-04-20 22:30:44,GRASS,1.1999999999999999e-05
2026-04-20 22:30:44,ETH,-2.9999999999999997e-06
2026-04-20 22:30:44,PROVE,-7e-06
2026-04-20 22:30:44,MORPHO,-5e-05
2026-04-20 22:30:44,ONDO,-7e-06
2026-04-20 22:30:44,0G,-2.3999999999999997e-05
2026-04-20 22:30:44,ZORA,1.1999999999999999e-05
2026-04-20 22:30:44,CC,1.1999999999999999e-05
2026-04-20 22:30:44,SEI,1.1999999999999999e-05
2026-04-20 22:30:44,WIF,-5e-06
2026-04-20 22:30:44,TON,-3.9e-05
2026-04-20 22:30:44,STABLE,-0.00023
2026-04-20 22:30:44,UNI,1.1999999999999999e-05
2026-04-20 22:30:44,PYTH,-3.6e-05
2026-04-20 22:30:44,BTC,5.999999999999999e-06
2026-04-20 22:30:44,XMR,1.1999999999999999e-05
2026-04-20 22:30:44,S,1.1999999999999999e-05
2026-04-20 23:00:59,HBAR,1.1999999999999999e-05
2026-04-20 23:00:59,EIGEN,-4.4999999999999996e-05
2026-04-20 23:00:59,TRUMP,7e-06
2026-04-20 23:00:59,ZK,1.1999999999999999e-05
2026-04-20 23:00:59,XLM,1.1999999999999999e-05
2026-04-20 23:00:59,SPX,-1e-05
2026-04-20 23:00:59,PYTH,-9e-06
2026-04-20 23:00:59,LDO,1.1999999999999999e-05
2026-04-20 23:00:59,WLD,-0.000112
2026-04-20 23:00:59,ICP,-1.7e-05
2026-04-20 23:00:59,PROVE,-7.5e-05
2026-04-20 23:00:59,LINK,1.1999999999999999e-05
2026-04-20 23:00:59,POPCAT,1.1999999999999999e-05
2026-04-20 23:00:59,ASTER,1.1999999999999999e-05
2026-04-20 23:00:59,FIL,1.1999999999999999e-05
2026-04-20 23:00:59,MET,1.1999999999999999e-05
2026-04-20 23:00:59,WLFI,-1e-05
2026-04-20 23:00:59,JTO,-2e-05
2026-04-20 23:00:59,XPL,1.1999999999999999e-05
2026-04-20 23:00:59,XMR,1.1999999999999999e-05
2026-04-20 23:00:59,SUI,1.1999999999999999e-05
2026-04-20 23:00:59,LIT,1.1999999999999999e-05
2026-04-20 23:00:59,TIA,2.9999999999999997e-06
2026-04-20 23:00:59,MNT,1.1999999999999999e-05
2026-04-20 23:00:59,PENGU,1.1999999999999999e-05
2026-04-20 23:00:59,POL,-2.3e-05
2026-04-20 23:00:59,WIF,4e-06
2026-04-20 23:00:59,TAO,1.1999999999999999e-05
2026-04-20 23:00:59,OP,0.0
2026-04-20 23:00:59,0G,-8.3e-05
2026-04-20 23:00:59,GMX,-9e-06
2026-04-20 23:00:59,BTC,2.9999999999999997e-06
2026-04-20 23:00:59,ONDO,-1.1000000000000001e-05
2026-04-20 23:00:59,S,5e-06
2026-04-20 23:00:59,IP,-6.7e-05
2026-04-20 23:00:59,LTC,9e-06
2026-04-20 23:00:59,BNB,1.1000000000000001e-05
2026-04-20 23:00:59,TON,-6e-05
2026-04-20 23:00:59,UNI,1.1999999999999999e-05
2026-04-20 23:00:59,PAXG,2e-06
2026-04-20 23:00:59,ADA,1.1999999999999999e-05
2026-04-20 23:00:59,KAITO,5.999999999999999e-06
2026-04-20 23:00:59,AAVE,1.1999999999999999e-05
2026-04-20 23:00:59,LINEA,-3.7000000000000005e-05
2026-04-20 23:00:59,YZY,1.1999999999999999e-05
2026-04-20 23:00:59,TRX,5e-06
2026-04-20 23:00:59,STABLE,-0.000156
2026-04-20 23:00:59,GRASS,1.1999999999999999e-05
2026-04-20 23:00:59,MORPHO,-5.2e-05
2026-04-20 23:00:59,AERO,-0.00021600000000000002
2026-04-20 23:00:59,STRK,1.1999999999999999e-05
2026-04-20 23:00:59,AVAX,1.1000000000000001e-05
2026-04-20 23:00:59,CRV,1.1999999999999999e-05
2026-04-20 23:00:59,STBL,0.00012200000000000001
2026-04-20 23:00:59,AZTEC,1.1999999999999999e-05
2026-04-20 23:00:59,XRP,8e-06
2026-04-20 23:00:59,SOL,2e-06
2026-04-20 23:00:59,HYPE,1.1999999999999999e-05
2026-04-20 23:00:59,ZRO,1.1999999999999999e-05
2026-04-20 23:00:59,SEI,1.1999999999999999e-05
2026-04-20 23:00:59,SYRUP,1.1999999999999999e-05
2026-04-20 23:00:59,AXS,1.1999999999999999e-05
2026-04-20 23:00:59,SKR,1.1999999999999999e-05
2026-04-20 23:00:59,ARB,2.9999999999999997e-06
2026-04-20 23:00:59,ENA,1.1999999999999999e-05
2026-04-20 23:00:59,FARTCOIN,1.1999999999999999e-05
2026-04-20 23:00:59,ETH,2e-06
2026-04-20 23:00:59,PENDLE,1.1999999999999999e-05
2026-04-20 23:00:59,MON,1.1999999999999999e-05
2026-04-20 23:00:59,VVV,1.1999999999999999e-05
2026-04-20 23:00:59,ETHFI,1.1999999999999999e-05
2026-04-20 23:00:59,APEX,1.1999999999999999e-05
2026-04-20 23:00:59,VIRTUAL,5e-06
2026-04-20 23:00:59,NEAR,-2.5e-05
2026-04-20 23:00:59,DOGE,1.1999999999999999e-05
2026-04-20 23:00:59,BERA,5.999999999999999e-06
2026-04-20 23:00:59,2Z,-6.2e-05
2026-04-20 23:00:59,JUP,5.999999999999999e-06
2026-04-20 23:00:59,FOGO,-6.7e-05
2026-04-20 23:00:59,PUMP,2.9999999999999997e-06
2026-04-20 23:00:59,AVNT,1.1999999999999999e-05
2026-04-20 23:00:59,DYDX,1e-05
2026-04-20 23:00:59,DASH,-5.3e-05
2026-04-20 23:00:59,MEGA,1.1999999999999999e-05
2026-04-20 23:00:59,ZORA,1.1999999999999999e-05
2026-04-20 23:00:59,ZEC,1.1999999999999999e-05
2026-04-20 23:00:59,DOT,1.1999999999999999e-05
2026-04-20 23:00:59,CC,1.1999999999999999e-05
2026-04-20 23:00:59,RESOLV,1.1999999999999999e-05
2026-04-20 23:00:59,BCH,1.1999999999999999e-05
2026-04-20 23:00:59,APT,1e-05
2026-04-20 23:00:59,SKY,1.1999999999999999e-05
2026-04-20 23:30:46,AERO,-7.400000000000001e-05
2026-04-20 23:30:46,SOL,1.1999999999999999e-05
2026-04-20 23:30:46,VVV,1.1999999999999999e-05
2026-04-20 23:30:46,PENGU,1.1999999999999999e-05
2026-04-20 23:30:46,AAVE,1.1999999999999999e-05
2026-04-20 23:30:46,ETHFI,1.1999999999999999e-05
2026-04-20 23:30:46,JUP,7e-06
2026-04-20 23:30:46,GMX,1.1999999999999999e-05
2026-04-20 23:30:46,TRUMP,-5.999999999999999e-06
2026-04-20 23:30:46,XMR,2.7000000000000002e-05
2026-04-20 23:30:46,JTO,-3.6e-05
2026-04-20 23:30:46,BERA,-1.4e-05
2026-04-20 23:30:46,APT,1.1999999999999999e-05
2026-04-20 23:30:46,BTC,1.1000000000000001e-05
2026-04-20 23:30:46,DASH,-2e-06
2026-04-20 23:30:46,SYRUP,1.1999999999999999e-05
2026-04-20 23:30:46,ADA,9e-06
2026-04-20 23:30:46,UNI,1.1999999999999999e-05
2026-04-20 23:30:46,LIT,1.1999999999999999e-05
2026-04-20 23:30:46,BNB,1.1999999999999999e-05
2026-04-20 23:30:46,AXS,1.1999999999999999e-05
2026-04-20 23:30:46,WLD,-0.00014099999999999998
2026-04-20 23:30:46,LTC,7e-06
2026-04-20 23:30:46,YZY,1.1999999999999999e-05
2026-04-20 23:30:46,WLFI,-1.1999999999999999e-05
2026-04-20 23:30:46,DOGE,1.1999999999999999e-05
2026-04-20 23:30:46,LINK,1.1999999999999999e-05
2026-04-20 23:30:46,TIA,-4e-06
2026-04-20 23:30:46,AVAX,1e-06
2026-04-20 23:30:46,TON,-8.9e-05
2026-04-20 23:30:46,OP,2.9999999999999997e-06
2026-04-20 23:30:46,MON,-1.8e-05
2026-04-20 23:30:46,ONDO,-3.5000000000000004e-05
2026-04-20 23:30:46,XPL,-1.6e-05
2026-04-20 23:30:46,PAXG,-1.6e-05
2026-04-20 23:30:46,LDO,1.1999999999999999e-05
2026-04-20 23:30:46,WIF,-2.8999999999999997e-05
2026-04-20 23:30:46,S,-2.8e-05
2026-04-20 23:30:46,EIGEN,-5e-05
2026-04-20 23:30:46,POL,-1.3e-05
2026-04-20 23:30:46,SUI,1.1999999999999999e-05
2026-04-20 23:30:46,STABLE,-6.3e-05
2026-04-20 23:30:46,PYTH,-3.5000000000000004e-05
2026-04-20 23:30:46,DYDX,0.0
2026-04-20 23:30:46,TAO,1.1999999999999999e-05
2026-04-20 23:30:46,ASTER,1.1999999999999999e-05
2026-04-20 23:30:46,STRK,1.1999999999999999e-05
2026-04-20 23:30:46,RESOLV,1.1999999999999999e-05
2026-04-20 23:30:46,MEGA,1.1999999999999999e-05
2026-04-20 23:30:46,PROVE,-6e-05
2026-04-20 23:30:46,XLM,1.1999999999999999e-05
2026-04-20 23:30:46,ETH,-7e-06
2026-04-20 23:30:46,STBL,7.6e-05
2026-04-20 23:30:46,MET,1.1999999999999999e-05
2026-04-20 23:30:46,LINEA,-2.2000000000000003e-05
2026-04-20 23:30:46,IP,-9.7e-05
2026-04-20 23:30:46,FOGO,-2.7000000000000002e-05
2026-04-20 23:30:46,KAITO,1.1999999999999999e-05
2026-04-20 23:30:46,TRX,1e-06
2026-04-20 23:30:46,FARTCOIN,1.1999999999999999e-05
2026-04-20 23:30:46,SKR,1.1999999999999999e-05
2026-04-20 23:30:46,PUMP,1.1999999999999999e-05
2026-04-20 23:30:46,AZTEC,1.1999999999999999e-05
2026-04-20 23:30:46,MNT,1.1999999999999999e-05
2026-04-20 23:30:46,ZK,1.1999999999999999e-05
2026-04-20 23:30:46,ARB,-1e-05
2026-04-20 23:30:46,SKY,1.1999999999999999e-05
2026-04-20 23:30:46,VIRTUAL,-1e-06
2026-04-20 23:30:46,ENA,1.1999999999999999e-05
2026-04-20 23:30:46,AVNT,1.1999999999999999e-05
2026-04-20 23:30:46,MORPHO,-4.4000000000000006e-05
2026-04-20 23:30:46,CRV,1.1999999999999999e-05
2026-04-20 23:30:46,0G,-3.2e-05
2026-04-20 23:30:46,APEX,1.1999999999999999e-05
2026-04-20 23:30:46,SPX,-3.6e-05
2026-04-20 23:30:46,NEAR,-3e-05
2026-04-20 23:30:46,ZRO,1.1999999999999999e-05
2026-04-20 23:30:46,POPCAT,1.1999999999999999e-05
2026-04-20 23:30:46,ZEC,1.1999999999999999e-05
2026-04-20 23:30:46,XRP,8e-06
2026-04-20 23:30:46,CC,1.1999999999999999e-05
2026-04-20 23:30:46,SEI,1.1999999999999999e-05
2026-04-20 23:30:46,PENDLE,1.1999999999999999e-05
2026-04-20 23:30:46,FIL,1.1999999999999999e-05
2026-04-20 23:30:46,GRASS,1.1999999999999999e-05
2026-04-20 23:30:46,ICP,-4.7000000000000004e-05
2026-04-20 23:30:46,HBAR,1.1999999999999999e-05
2026-04-20 23:30:46,DOT,8e-06
2026-04-20 23:30:46,ZORA,1.1999999999999999e-05
2026-04-20 23:30:46,HYPE,2.9999999999999997e-06
2026-04-20 23:30:46,BCH,1.1999999999999999e-05
2026-04-20 23:30:46,2Z,-6.1000000000000005e-05
2026-04-21 00:00:59,GMX,1.1999999999999999e-05
2026-04-21 00:00:59,LTC,1.1999999999999999e-05
2026-04-21 00:00:59,ASTER,1.1999999999999999e-05
2026-04-21 00:00:59,EIGEN,-8e-06
2026-04-21 00:00:59,LIT,1.1999999999999999e-05
2026-04-21 00:00:59,WLD,-0.000129
2026-04-21 00:00:59,DOGE,1.1999999999999999e-05
2026-04-21 00:00:59,TRUMP,-1.1999999999999999e-05
2026-04-21 00:00:59,DYDX,-1.1999999999999999e-05
2026-04-21 00:00:59,MORPHO,-6.6e-05
2026-04-21 00:00:59,XLM,1.1999999999999999e-05
2026-04-21 00:00:59,RESOLV,1.1999999999999999e-05
2026-04-21 00:00:59,BCH,1.1999999999999999e-05
2026-04-21 00:00:59,ZK,1.1999999999999999e-05
2026-04-21 00:00:59,HYPE,1.1999999999999999e-05
2026-04-21 00:00:59,KAITO,-2e-06
2026-04-21 00:00:59,PAXG,-3.2e-05
2026-04-21 00:00:59,ZORA,1.1999999999999999e-05
2026-04-21 00:00:59,PYTH,-1.1999999999999999e-05
2026-04-21 00:00:59,AERO,-1.5e-05
2026-04-21 00:00:59,PUMP,2e-06
2026-04-21 00:00:59,0G,-1.1000000000000001e-05
2026-04-21 00:00:59,XPL,-1.1000000000000001e-05
2026-04-21 00:00:59,VVV,1.1999999999999999e-05
2026-04-21 00:00:59,AAVE,1.1999999999999999e-05
2026-04-21 00:00:59,SKR,1.1999999999999999e-05
2026-04-21 00:00:59,2Z,-2.5e-05
2026-04-21 00:00:59,SUI,1.1999999999999999e-05
2026-04-21 00:00:59,OP,0.0
2026-04-21 00:00:59,GRASS,1.1999999999999999e-05
2026-04-21 00:00:59,ICP,-4.2e-05
2026-04-21 00:00:59,AVAX,5.999999999999999e-06
2026-04-21 00:00:59,MEGA,1.1999999999999999e-05
2026-04-21 00:00:59,SOL,1.1999999999999999e-05
2026-04-21 00:00:59,POPCAT,1.1999999999999999e-05
2026-04-21 00:00:59,DOT,1e-05
2026-04-21 00:00:59,POL,-9e-06
2026-04-21 00:00:59,XRP,2.9999999999999997e-06
2026-04-21 00:00:59,NEAR,-1e-06
2026-04-21 00:00:59,MNT,-2e-05
2026-04-21 00:00:59,ENA,1.1999999999999999e-05
2026-04-21 00:00:59,LINEA,-3.5000000000000004e-05
2026-04-21 00:00:59,TRX,2e-06
2026-04-21 00:00:59,FOGO,-7.400000000000001e-05
2026-04-21 00:00:59,PROVE,-1e-05
2026-04-21 00:00:59,ARB,-1e-05
2026-04-21 00:00:59,CC,1.1999999999999999e-05
2026-04-21 00:00:59,S,-7e-06
2026-04-21 00:00:59,AVNT,-4.3e-05
2026-04-21 00:00:59,CRV,1.1999999999999999e-05
2026-04-21 00:00:59,APEX,1.1999999999999999e-05
2026-04-21 00:00:59,ZEC,1.1999999999999999e-05
2026-04-21 00:00:59,WLFI,-6.5e-05
2026-04-21 00:00:59,JTO,-0.000101
2026-04-21 00:00:59,TAO,1.1999999999999999e-05
2026-04-21 00:00:59,SPX,-2.8e-05
2026-04-21 00:00:59,SEI,1.1999999999999999e-05
2026-04-21 00:00:59,SKY,1.1999999999999999e-05
2026-04-21 00:00:59,ONDO,-4.4999999999999996e-05
2026-04-21 00:00:59,BNB,5.999999999999999e-06
2026-04-21 00:00:59,VIRTUAL,-1e-06
2026-04-21 00:00:59,JUP,5.999999999999999e-06
2026-04-21 00:00:59,PENGU,1.1999999999999999e-05
2026-04-21 00:00:59,TIA,5.999999999999999e-06
2026-04-21 00:00:59,WIF,-2.6e-05
2026-04-21 00:00:59,HBAR,9e-06
2026-04-21 00:00:59,AZTEC,1.1999999999999999e-05
2026-04-21 00:00:59,LDO,1.1999999999999999e-05
2026-04-21 00:00:59,FIL,7e-06
2026-04-21 00:00:59,MON,2.9999999999999997e-06
2026-04-21 00:00:59,DASH,2e-06
2026-04-21 00:00:59,ZRO,1.1999999999999999e-05
2026-04-21 00:00:59,BERA,-5.999999999999999e-06
2026-04-21 00:00:59,STBL,4.7999999999999994e-05
2026-04-21 00:00:59,BTC,5e-06
2026-04-21 00:00:59,MET,1.1999999999999999e-05
2026-04-21 00:00:59,ADA,4e-06
2026-04-21 00:00:59,IP,-5.4999999999999995e-05
2026-04-21 00:00:59,PENDLE,1.1999999999999999e-05
2026-04-21 00:00:59,STABLE,-1.1000000000000001e-05
2026-04-21 00:00:59,TON,-6e-05
2026-04-21 00:00:59,STRK,2.9999999999999997e-06
2026-04-21 00:00:59,LINK,1.1999999999999999e-05
2026-04-21 00:00:59,AXS,1.1999999999999999e-05
2026-04-21 00:00:59,UNI,1.1999999999999999e-05
2026-04-21 00:00:59,ETH,-4e-06
2026-04-21 00:00:59,APT,-2e-06
2026-04-21 00:00:59,XMR,3.8e-05
2026-04-21 00:00:59,YZY,1.1999999999999999e-05
2026-04-21 00:00:59,ETHFI,1.1999999999999999e-05
2026-04-21 00:00:59,FARTCOIN,1.1999999999999999e-05
2026-04-21 00:00:59,SYRUP,1.1999999999999999e-05
2026-04-21 00:30:55,LINK,1.1999999999999999e-05
2026-04-21 00:30:55,DOT,1.1999999999999999e-05
2026-04-21 00:30:55,VIRTUAL,1e-05
2026-04-21 00:30:55,XLM,1.1999999999999999e-05
2026-04-21 00:30:55,PROVE,1.1999999999999999e-05
2026-04-21 00:30:55,ICP,-1.8e-05
2026-04-21 00:30:55,TIA,0.0
2026-04-21 00:30:55,WIF,-3.4e-05
2026-04-21 00:30:55,DYDX,5.999999999999999e-06
2026-04-21 00:30:55,LIT,1.1999999999999999e-05
2026-04-21 00:30:55,ARB,-2e-06
2026-04-21 00:30:55,IP,-0.00035999999999999997
2026-04-21 00:30:55,ETHFI,1.1999999999999999e-05
2026-04-21 00:30:55,SKY,1.1999999999999999e-05
2026-04-21 00:30:55,PENGU,1.1999999999999999e-05
2026-04-21 00:30:55,EIGEN,1.1999999999999999e-05
2026-04-21 00:30:55,MNT,1.1999999999999999e-05
2026-04-21 00:30:55,WLD,-0.000172
2026-04-21 00:30:55,ZK,1.1999999999999999e-05
2026-04-21 00:30:55,FARTCOIN,1.1999999999999999e-05
2026-04-21 00:30:55,STRK,1.1999999999999999e-05
2026-04-21 00:30:55,APT,1.1999999999999999e-05
2026-04-21 00:30:55,DASH,1.1999999999999999e-05
2026-04-21 00:30:55,SEI,1.1999999999999999e-05
2026-04-21 00:30:55,MET,1.1999999999999999e-05
2026-04-21 00:30:55,HYPE,1.1999999999999999e-05
2026-04-21 00:30:55,BCH,1.1999999999999999e-05
2026-04-21 00:30:55,BERA,-2.9999999999999997e-06
2026-04-21 00:30:55,DOGE,1.1999999999999999e-05
2026-04-21 00:30:55,LDO,1.1999999999999999e-05
2026-04-21 00:30:55,S,2e-06
2026-04-21 00:30:55,FIL,1.1999999999999999e-05
2026-04-21 00:30:55,TON,-6.6e-05
2026-04-21 00:30:55,XMR,3.1e-05
2026-04-21 00:30:55,SPX,-3.3e-05
2026-04-21 00:30:55,XPL,-2.8e-05
2026-04-21 00:30:55,MEGA,1.1999999999999999e-05
2026-04-21 00:30:55,STABLE,-4.6e-05
2026-04-21 00:30:55,GMX,1.1999999999999999e-05
2026-04-21 00:30:55,AVAX,1.1999999999999999e-05
2026-04-21 00:30:55,TRX,5e-06
2026-04-21 00:30:55,GRASS,1.1999999999999999e-05
2026-04-21 00:30:55,ENA,1.1999999999999999e-05
2026-04-21 00:30:55,CC,1.1999999999999999e-05
2026-04-21 00:30:55,KAITO,-5e-06
2026-04-21 00:30:55,AXS,1.1999999999999999e-05
2026-04-21 00:30:55,MON,1.1999999999999999e-05
2026-04-21 00:30:55,WLFI,-3.4e-05
2026-04-21 00:30:55,RESOLV,1.1999999999999999e-05
2026-04-21 00:30:55,ETH,-1.1000000000000001e-05
2026-04-21 00:30:55,VVV,1.1999999999999999e-05
2026-04-21 00:30:55,LINEA,-2.1e-05
2026-04-21 00:30:55,STBL,1.1999999999999999e-05
2026-04-21 00:30:55,FOGO,-6.1000000000000005e-05
2026-04-21 00:30:55,NEAR,1e-06
2026-04-21 00:30:55,TAO,1.1999999999999999e-05
2026-04-21 00:30:55,PUMP,1.1999999999999999e-05
2026-04-21 00:30:55,CRV,1.1999999999999999e-05
2026-04-21 00:30:55,AERO,-4.4999999999999996e-05
2026-04-21 00:30:55,JTO,-3.3e-05
2026-04-21 00:30:55,JUP,-5.999999999999999e-06
2026-04-21 00:30:55,MORPHO,-4.7999999999999994e-05
2026-04-21 00:30:55,PYTH,-2.5e-05
2026-04-21 00:30:55,ASTER,1.1999999999999999e-05
2026-04-21 00:30:55,ONDO,-1.3e-05
2026-04-21 00:30:55,SKR,1.1999999999999999e-05
2026-04-21 00:30:55,SOL,1.1999999999999999e-05
2026-04-21 00:30:55,OP,8e-06
2026-04-21 00:30:55,POPCAT,1.1999999999999999e-05
2026-04-21 00:30:55,AAVE,1.1999999999999999e-05
2026-04-21 00:30:55,ZEC,1.1999999999999999e-05
2026-04-21 00:30:55,UNI,1.1999999999999999e-05
2026-04-21 00:30:55,ADA,4e-06
2026-04-21 00:30:55,APEX,1.1999999999999999e-05
2026-04-21 00:30:55,POL,-1.6e-05
2026-04-21 00:30:55,AZTEC,1.1999999999999999e-05
2026-04-21 00:30:55,AVNT,-1.1999999999999999e-05
2026-04-21 00:30:55,SYRUP,1.1999999999999999e-05
2026-04-21 00:30:55,LTC,0.0
2026-04-21 00:30:55,PENDLE,1.1999999999999999e-05
2026-04-21 00:30:55,PAXG,-1.8e-05
2026-04-21 00:30:55,0G,1.1999999999999999e-05
2026-04-21 00:30:55,ZRO,1.1999999999999999e-05
2026-04-21 00:30:55,YZY,1.1999999999999999e-05
2026-04-21 00:30:55,ZORA,1.1999999999999999e-05
2026-04-21 00:30:55,HBAR,1.1999999999999999e-05
2026-04-21 00:30:55,BTC,7e-06
2026-04-21 00:30:55,XRP,1.1999999999999999e-05
2026-04-21 00:30:55,TRUMP,-1.1000000000000001e-05
2026-04-21 00:30:55,BNB,1.1999999999999999e-05
2026-04-21 00:30:55,2Z,5e-06
2026-04-21 00:30:55,SUI,1.1999999999999999e-05
2026-04-21 01:00:52,MNT,1.1999999999999999e-05
2026-04-21 01:00:52,POPCAT,1.1999999999999999e-05
2026-04-21 01:00:52,BCH,1.1999999999999999e-05
2026-04-21 01:00:52,ZK,1.1999999999999999e-05
2026-04-21 01:00:52,LTC,-1e-05
2026-04-21 01:00:52,ZORA,1.1999999999999999e-05
2026-04-21 01:00:52,TIA,-2.5e-05
2026-04-21 01:00:52,2Z,2e-06
2026-04-21 01:00:52,IP,-0.000603
2026-04-21 01:00:52,JUP,2e-06
2026-04-21 01:00:52,ASTER,1.1999999999999999e-05
2026-04-21 01:00:52,AZTEC,1.1999999999999999e-05
2026-04-21 01:00:52,BNB,1.1999999999999999e-05
2026-04-21 01:00:52,CRV,1.1999999999999999e-05
2026-04-21 01:00:52,HBAR,2e-06
2026-04-21 01:00:52,SYRUP,1.1999999999999999e-05
2026-04-21 01:00:52,BTC,-5e-06
2026-04-21 01:00:52,PYTH,-2.9999999999999997e-06
2026-04-21 01:00:52,MORPHO,-4.4000000000000006e-05
2026-04-21 01:00:52,STABLE,-6.7e-05
2026-04-21 01:00:52,VIRTUAL,1e-05
2026-04-21 01:00:52,ETHFI,1.1999999999999999e-05
2026-04-21 01:00:52,ENA,1.1999999999999999e-05
2026-04-21 01:00:52,AERO,-7.7e-05
2026-04-21 01:00:52,ZEC,1.1999999999999999e-05
2026-04-21 01:00:52,GMX,1.1999999999999999e-05
2026-04-21 01:00:52,TON,-6.2e-05
2026-04-21 01:00:52,AVAX,1.1999999999999999e-05
2026-04-21 01:00:52,MET,1.1999999999999999e-05
2026-04-21 01:00:52,POL,-8e-06
2026-04-21 01:00:52,XLM,1.1999999999999999e-05
2026-04-21 01:00:52,FARTCOIN,1.1999999999999999e-05
2026-04-21 01:00:52,ETH,-1.1000000000000001e-05
2026-04-21 01:00:52,TRX,1.1000000000000001e-05
2026-04-21 01:00:52,UNI,1.1999999999999999e-05
2026-04-21 01:00:52,LIT,1.1999999999999999e-05
2026-04-21 01:00:52,SKR,2e-05
2026-04-21 01:00:52,CC,1.1999999999999999e-05
2026-04-21 01:00:52,MEGA,1.1999999999999999e-05
2026-04-21 01:00:52,SKY,1.1999999999999999e-05
2026-04-21 01:00:52,NEAR,8e-06
2026-04-21 01:00:52,PROVE,1.1999999999999999e-05
2026-04-21 01:00:52,XPL,-4.9e-05
2026-04-21 01:00:52,WLD,-0.000167
2026-04-21 01:00:52,JTO,-3.9e-05
2026-04-21 01:00:52,SPX,-9e-06
2026-04-21 01:00:52,GRASS,1.1999999999999999e-05
2026-04-21 01:00:52,ARB,2.9999999999999997e-06
2026-04-21 01:00:52,FOGO,-5.7e-05
2026-04-21 01:00:52,ICP,2.9999999999999997e-06
2026-04-21 01:00:52,RESOLV,1.1999999999999999e-05
2026-04-21 01:00:52,0G,-5e-06
2026-04-21 01:00:52,HYPE,1.1999999999999999e-05
2026-04-21 01:00:52,ONDO,-1.1000000000000001e-05
2026-04-21 01:00:52,WLFI,-5.999999999999999e-06
2026-04-21 01:00:52,SOL,1.1999999999999999e-05
2026-04-21 01:00:52,ADA,1.1000000000000001e-05
2026-04-21 01:00:52,KAITO,-8e-06
2026-04-21 01:00:52,AVNT,-3.8e-05
2026-04-21 01:00:52,BERA,-2e-05
2026-04-21 01:00:52,LINK,1.1999999999999999e-05
2026-04-21 01:00:52,VVV,1.1999999999999999e-05
2026-04-21 01:00:52,XMR,3.1e-05
2026-04-21 01:00:52,APT,1e-05
2026-04-21 01:00:52,TRUMP,5e-06
2026-04-21 01:00:52,PAXG,-1.7e-05
2026-04-21 01:00:52,YZY,1.1999999999999999e-05
2026-04-21 01:00:52,STBL,4.7999999999999994e-05
2026-04-21 01:00:52,ZRO,1.1999999999999999e-05
2026-04-21 01:00:52,SUI,1.1999999999999999e-05
2026-04-21 01:00:52,APEX,1.1999999999999999e-05
2026-04-21 01:00:52,SEI,1.1999999999999999e-05
2026-04-21 01:00:52,XRP,1.1999999999999999e-05
2026-04-21 01:00:52,PENDLE,1.1999999999999999e-05
2026-04-21 01:00:52,DOT,1.1999999999999999e-05
2026-04-21 01:00:52,STRK,1.1999999999999999e-05
2026-04-21 01:00:52,LINEA,-1.1999999999999999e-05
2026-04-21 01:00:52,TAO,9e-06
2026-04-21 01:00:52,DYDX,-1.6e-05
2026-04-21 01:00:52,EIGEN,2e-06
2026-04-21 01:00:52,OP,9e-06
2026-04-21 01:00:52,WIF,-4e-06
2026-04-21 01:00:52,DOGE,1.1999999999999999e-05
2026-04-21 01:00:52,FIL,1.1999999999999999e-05
2026-04-21 01:00:52,PUMP,2.9999999999999997e-06
2026-04-21 01:00:52,AAVE,1.1999999999999999e-05
2026-04-21 01:00:52,AXS,1.1999999999999999e-05
2026-04-21 01:00:52,LDO,1.1999999999999999e-05
2026-04-21 01:00:52,S,8e-06
2026-04-21 01:00:52,MON,1.1999999999999999e-05
2026-04-21 01:00:52,DASH,1.1999999999999999e-05
2026-04-21 01:00:52,PENGU,1.1999999999999999e-05
2026-04-21 01:30:48,ARB,1.1999999999999999e-05
2026-04-21 01:30:48,AXS,1.1999999999999999e-05
2026-04-21 01:30:48,LINEA,0.0
2026-04-21 01:30:48,XMR,1.1999999999999999e-05
2026-04-21 01:30:48,SPX,1.1999999999999999e-05
2026-04-21 01:30:48,MON,1.1999999999999999e-05
2026-04-21 01:30:48,UNI,1.1999999999999999e-05
2026-04-21 01:30:48,FOGO,5.999999999999999e-06
2026-04-21 01:30:48,PYTH,2e-06
2026-04-21 01:30:48,APT,1.1000000000000001e-05
2026-04-21 01:30:48,MORPHO,-3.4e-05
2026-04-21 01:30:48,TAO,1.1999999999999999e-05
2026-04-21 01:30:48,BCH,1.1999999999999999e-05
2026-04-21 01:30:48,HBAR,1.1999999999999999e-05
2026-04-21 01:30:48,SEI,1.1999999999999999e-05
2026-04-21 01:30:48,XRP,1.1999999999999999e-05
2026-04-21 01:30:48,NEAR,8e-06
2026-04-21 01:30:48,STABLE,-4e-05
2026-04-21 01:30:48,DASH,7e-06
2026-04-21 01:30:48,GRASS,1.1999999999999999e-05
2026-04-21 01:30:48,ADA,1.1000000000000001e-05
2026-04-21 01:30:48,KAITO,-1.5e-05
2026-04-21 01:30:48,BTC,-7e-06
2026-04-21 01:30:48,AAVE,1.1999999999999999e-05
2026-04-21 01:30:48,GMX,1.1999999999999999e-05
2026-04-21 01:30:48,CRV,1.1999999999999999e-05
2026-04-21 01:30:48,ZEC,1.1999999999999999e-05
2026-04-21 01:30:48,ONDO,-2.1e-05
2026-04-21 01:30:48,APEX,1.1999999999999999e-05
2026-04-21 01:30:48,2Z,-3e-05
2026-04-21 01:30:48,XLM,1.1999999999999999e-05
2026-04-21 01:30:48,VVV,1.1999999999999999e-05
2026-04-21 01:30:48,SKY,1.1999999999999999e-05
2026-04-21 01:30:48,IP,-0.000727
2026-04-21 01:30:48,FARTCOIN,1.1999999999999999e-05
2026-04-21 01:30:48,CC,1.1999999999999999e-05
2026-04-21 01:30:48,0G,1.1999999999999999e-05
2026-04-21 01:30:48,ZK,1.1999999999999999e-05
2026-04-21 01:30:48,TRX,5e-06
2026-04-21 01:30:48,DOGE,1.1999999999999999e-05
2026-04-21 01:30:48,BNB,1.1999999999999999e-05
2026-04-21 01:30:48,DYDX,1.1999999999999999e-05
2026-04-21 01:30:48,SUI,1.1999999999999999e-05
2026-04-21 01:30:48,LDO,1.1999999999999999e-05
2026-04-21 01:30:48,ETHFI,1.1999999999999999e-05
2026-04-21 01:30:48,MNT,1.1999999999999999e-05
2026-04-21 01:30:48,PENGU,1.1999999999999999e-05
2026-04-21 01:30:48,S,1.1999999999999999e-05
2026-04-21 01:30:48,PROVE,1.1999999999999999e-05
2026-04-21 01:30:48,MEGA,1.1999999999999999e-05
2026-04-21 01:30:48,WIF,-2.1e-05
2026-04-21 01:30:48,YZY,1.1999999999999999e-05
2026-04-21 01:30:48,JUP,-1.1999999999999999e-05
2026-04-21 01:30:48,PAXG,-1.6e-05
2026-04-21 01:30:48,SOL,1.1999999999999999e-05
2026-04-21 01:30:48,STBL,2.3999999999999997e-05
2026-04-21 01:30:48,ICP,4e-06
2026-04-21 01:30:48,OP,1.1000000000000001e-05
2026-04-21 01:30:48,TIA,-1e-06
2026-04-21 01:30:48,RESOLV,1.1999999999999999e-05
2026-04-21 01:30:48,VIRTUAL,1.1999999999999999e-05
2026-04-21 01:30:48,SKR,1.1999999999999999e-05
2026-04-21 01:30:48,LTC,-2.9999999999999997e-06
2026-04-21 01:30:48,ENA,1.1999999999999999e-05
2026-04-21 01:30:48,JTO,-3.3e-05
2026-04-21 01:30:48,LINK,1.1999999999999999e-05
2026-04-21 01:30:48,HYPE,1.1999999999999999e-05
2026-04-21 01:30:48,AVNT,2e-06
2026-04-21 01:30:48,FIL,1.1999999999999999e-05
2026-04-21 01:30:48,AZTEC,4.3e-05
2026-04-21 01:30:48,LIT,1.1999999999999999e-05
2026-04-21 01:30:48,ZORA,1.1999999999999999e-05
2026-04-21 01:30:48,PENDLE,1.1999999999999999e-05
2026-04-21 01:30:48,DOT,1.1999999999999999e-05
2026-04-21 01:30:48,ZRO,1.1999999999999999e-05
2026-04-21 01:30:48,SYRUP,1.1999999999999999e-05
2026-04-21 01:30:48,AVAX,1.1999999999999999e-05
2026-04-21 01:30:48,AERO,-8.800000000000001e-05
2026-04-21 01:30:48,WLD,-0.000153
2026-04-21 01:30:48,ETH,-1e-05
2026-04-21 01:30:48,TRUMP,1.1999999999999999e-05
2026-04-21 01:30:48,STRK,1.1999999999999999e-05
2026-04-21 01:30:48,WLFI,1.1999999999999999e-05
2026-04-21 01:30:48,BERA,1.1999999999999999e-05
2026-04-21 01:30:48,POL,1.1999999999999999e-05
2026-04-21 01:30:48,TON,-2.8999999999999997e-05
2026-04-21 01:30:48,PUMP,1.1999999999999999e-05
2026-04-21 01:30:48,XPL,-5.4000000000000005e-05
2026-04-21 01:30:48,POPCAT,1.1999999999999999e-05
2026-04-21 01:30:48,MET,1.1999999999999999e-05
2026-04-21 01:30:48,EIGEN,1.1999999999999999e-05
2026-04-21 01:30:48,ASTER,1.1999999999999999e-05
2026-04-21 02:00:49,ZK,1.1999999999999999e-05
2026-04-21 02:00:49,FARTCOIN,1.1999999999999999e-05
2026-04-21 02:00:49,MORPHO,-1e-05
2026-04-21 02:00:49,ETHFI,-2.1e-05
2026-04-21 02:00:49,HYPE,1.1999999999999999e-05
2026-04-21 02:00:49,WLFI,-1e-05
2026-04-21 02:00:49,MNT,1.1999999999999999e-05
2026-04-21 02:00:49,S,1.1999999999999999e-05
2026-04-21 02:00:49,TIA,-2.1e-05
2026-04-21 02:00:49,XPL,-4.7999999999999994e-05
2026-04-21 02:00:49,LINEA,-1.1999999999999999e-05
2026-04-21 02:00:49,2Z,-6.3e-05
2026-04-21 02:00:49,ZORA,1.1999999999999999e-05
2026-04-21 02:00:49,NEAR,-1.4e-05
2026-04-21 02:00:49,BERA,1.1000000000000001e-05
2026-04-21 02:00:49,CC,1.1999999999999999e-05
2026-04-21 02:00:49,TON,-4.2e-05
2026-04-21 02:00:49,MON,-3.5000000000000004e-05
2026-04-21 02:00:49,LINK,1.1999999999999999e-05
2026-04-21 02:00:49,CRV,1.1999999999999999e-05
2026-04-21 02:00:49,PAXG,-2.8999999999999997e-05
2026-04-21 02:00:49,HBAR,9e-06
2026-04-21 02:00:49,AXS,1e-05
2026-04-21 02:00:49,SYRUP,1.1999999999999999e-05
2026-04-21 02:00:49,ICP,-1.7e-05
2026-04-21 02:00:49,POPCAT,1.1999999999999999e-05
2026-04-21 02:00:49,LIT,1.1999999999999999e-05
2026-04-21 02:00:49,ZRO,1e-05
2026-04-21 02:00:49,ASTER,1.1999999999999999e-05
2026-04-21 02:00:49,XMR,1.1999999999999999e-05
2026-04-21 02:00:49,SOL,1.1999999999999999e-05
2026-04-21 02:00:49,MET,1.1999999999999999e-05
2026-04-21 02:00:49,STABLE,-6.1000000000000005e-05
2026-04-21 02:00:49,AVAX,1.1999999999999999e-05
2026-04-21 02:00:49,GMX,1.1999999999999999e-05
2026-04-21 02:00:49,DOT,1.1999999999999999e-05
2026-04-21 02:00:49,ZEC,-2.9999999999999997e-06
2026-04-21 02:00:49,ETH,-9e-06
2026-04-21 02:00:49,FIL,7e-06
2026-04-21 02:00:49,WLD,-0.000177
2026-04-21 02:00:49,BNB,8e-06
2026-04-21 02:00:49,XRP,-1e-06
2026-04-21 02:00:49,ENA,1.1999999999999999e-05
2026-04-21 02:00:49,MEGA,1.1999999999999999e-05
2026-04-21 02:00:49,XLM,1.1999999999999999e-05
2026-04-21 02:00:49,SKR,1.1999999999999999e-05
2026-04-21 02:00:49,PROVE,-2.7000000000000002e-05
2026-04-21 02:00:49,JUP,0.0
2026-04-21 02:00:49,DASH,-2.3e-05
2026-04-21 02:00:49,IP,-0.000616
2026-04-21 02:00:49,GRASS,1.1999999999999999e-05
2026-04-21 02:00:49,WIF,-2.9999999999999997e-06
2026-04-21 02:00:49,DYDX,1.1999999999999999e-05
2026-04-21 02:00:49,ADA,0.0
2026-04-21 02:00:49,PUMP,-2.9999999999999997e-06
2026-04-21 02:00:49,PYTH,-1.6e-05
2026-04-21 02:00:49,SEI,1.1999999999999999e-05
2026-04-21 02:00:49,UNI,8e-06
2026-04-21 02:00:49,DOGE,1.1000000000000001e-05
2026-04-21 02:00:49,0G,1.1999999999999999e-05
2026-04-21 02:00:49,EIGEN,2e-06
2026-04-21 02:00:49,STRK,1.1999999999999999e-05
2026-04-21 02:00:49,PENDLE,1.1999999999999999e-05
2026-04-21 02:00:49,AZTEC,1.1999999999999999e-05
2026-04-21 02:00:49,APEX,1.1999999999999999e-05
2026-04-21 02:00:49,TAO,8e-06
2026-04-21 02:00:49,SKY,1.1999999999999999e-05
2026-04-21 02:00:49,BCH,1.1999999999999999e-05
2026-04-21 02:00:49,KAITO,-4.9e-05
2026-04-21 02:00:49,VIRTUAL,1e-05
2026-04-21 02:00:49,AERO,-0.00019199999999999998
2026-04-21 02:00:49,RESOLV,1.1999999999999999e-05
2026-04-21 02:00:49,FOGO,-8.3e-05
2026-04-21 02:00:49,YZY,4.3e-05
2026-04-21 02:00:49,SPX,7e-06
2026-04-21 02:00:49,BTC,-1e-06
2026-04-21 02:00:49,OP,1.1999999999999999e-05
2026-04-21 02:00:49,TRUMP,4e-06
2026-04-21 02:00:49,VVV,1.1999999999999999e-05
2026-04-21 02:00:49,SUI,1.1999999999999999e-05
2026-04-21 02:00:49,ONDO,-2.3e-05
2026-04-21 02:00:49,AVNT,1.1999999999999999e-05
2026-04-21 02:00:49,ARB,-5.999999999999999e-06
2026-04-21 02:00:49,APT,1e-05
2026-04-21 02:00:49,POL,5e-06
2026-04-21 02:00:49,LDO,1.1999999999999999e-05
2026-04-21 02:00:49,TRX,-1.9e-05
2026-04-21 02:00:49,AAVE,1.1999999999999999e-05
2026-04-21 02:00:49,PENGU,1.1999999999999999e-05
2026-04-21 02:00:49,STBL,1.1999999999999999e-05
2026-04-21 02:00:49,JTO,-5.2e-05
2026-04-21 02:00:49,LTC,0.0
