trade_id,coin,direction,opened_at_utc,closed_at_utc,duration_h,size_usd,hl_size_coin,counter_size_coin,entry_hl_fr_1h,entry_counter_fr_1h,entry_net_fr_1h,entry_hl_px,entry_counter_px,entry_spread,exit_hl_fr_1h,exit_counter_fr_1h,exit_net_fr_1h,est_funding_usd,est_cost_usd,est_net_usd,actual_hl_funding_usd,actual_lighter_funding_usd,actual_total_funding_usd,exit_reason
2026-04-20T113005-YZY,YZY,short_fr,2026-04-20 11:30:05,2026-04-20 18:00:01,6.499,90.0,299.0,299.3,-0.0001908134,-0.0027645,0.0025736866,0.30059,0.3007,0.00036594697095711427,1.25e-05,6.2e-05,-4.95e-05,-0.01,0.063,-0.073,0.0041,-0.014,-0.01,normal
2026-04-20T113005-2Z,2Z,short_fr,2026-04-20 11:30:05,2026-04-20 18:00:01,6.499,90.0,1062.0,1061.7,-5.25866e-05,-0.000268,0.0002154134,0.0847,0.08477,0.0008264462809917429,-6.974e-05,-5.9e-05,-1.074e-05,0.0023,0.063,-0.0607,-0.0405,0.0428,0.0023,normal
2026-04-20T113005-ZRO,ZRO,short_fr,2026-04-20 11:30:05,2026-04-20 21:30:00,9.999,90.0,57.9,57.9,1.492000000000002e-07,-0.00021849999999999997,0.0002186492,1.5533,1.55332,1.2875812785766448e-05,-1.984e-05,8e-06,-2.784e-05,0.0487,0.063,-0.0143,0.0022,0.0465,0.0487,normal
2026-04-20T180001-STABLE,STABLE,long_fr,2026-04-20 18:00:01,2026-04-21 10:30:01,16.5,90.0,3534.0,3536.0,-0.00021929965,-5.95e-05,0.00015979965,0.025473,0.025452,0.0008244023083264706,1.25e-05,4e-06,-8.5e-06,0.2317,0.063,0.1687,0.3058,-0.0741,0.2317,normal
2026-04-20T180001-TON,TON,short_fr,2026-04-20 18:00:01,2026-04-21 16:30:05,22.501,90.0,67.9,68.0,-3.643495e-05,-9.7e-05,6.0565050000000004e-05,1.3251,1.32436,-0.0005584484189872183,-1.81e-06,-1e-06,-8.1e-07,0.0756,0.063,0.0126,-0.0184,0.0939,0.0756,normal
2026-04-20T213000-AERO,AERO,short_fr,2026-04-20 21:30:00,2026-04-21 16:30:05,19.001,90.0,232.0,231.5,9.4256e-06,-8.6e-05,9.542559999999999e-05,0.38825,0.38869,0.0011332904056664417,-5.24e-05,-1.9e-05,-3.34e-05,0.0866,0.063,0.0236,-0.0538,0.1404,0.0866,normal
2026-04-20T113005-ICP,ICP,short_fr,2026-04-20 11:30:05,2026-04-21 19:30:05,32.0,90.0,37.1,37.06,7.8137e-06,-0.000297,0.0003048137,2.4286,2.4287,4.117598616495554e-05,-4.095e-05,-4e-05,-9.5e-07,0.0853,0.063,0.0223,0.0222,0.0631,0.0853,normal
2026-04-21T103001-XMR,XMR,long_fr,2026-04-21 10:30:01,2026-04-21 21:30:01,11.0,90.0,0.246,0.246,4.8515049999999996e-05,0.00012,7.148495000000001e-05,366.12,366.046,0.0002021195236534805,5.505e-05,2.5e-05,-3.005e-05,0.0583,0.063,-0.0047,-0.0829,0.1412,0.0583,normal
2026-04-21T163005-EIGEN,EIGEN,long_fr,2026-04-21 16:30:05,2026-04-22 00:30:02,7.999,90.0,508.47,508.6,-8.28294e-05,1.05e-05,9.33294e-05,0.1771,0.17696,0.0007905138339921018,1.25e-05,7e-06,-5.5e-06,0.0254,0.063,-0.0376,0.0218,0.0036,0.0254,normal
2026-04-21T183001-IP,IP,short_fr,2026-04-21 18:30:01,2026-04-22 02:30:01,8.0,90.0,177.4,177.34,-1.2097e-05,-8.9e-05,7.690299999999999e-05,0.5072,0.5075,0.0005914826498422061,-7.795e-05,-4.9e-05,-2.895e-05,0.0365,0.063,-0.0265,-0.0623,0.0988,0.0365,normal
2026-04-21T203001-AERO,AERO,long_fr,2026-04-21 20:30:01,2026-04-22 02:30:01,6.0,90.0,237.0,237.6,-6.503695e-05,3.4999999999999995e-06,6.853695000000001e-05,0.37933,0.37885,0.0012653889752985011,-6.237e-05,-0.000213,-0.00015063,-0.022,0.063,-0.085,0.0337,-0.0557,-0.022,normal
2026-04-22T003002-AXS,AXS,long_fr,2026-04-22 00:30:02,2026-04-22 06:30:04,6.001,90.0,81.2,81.29,-9.892555e-05,9.999999999999999e-06,0.00010892555,1.1085,1.1071,0.0012629679747407016,1.25e-05,1.2e-05,-5e-07,-0.0038,0.063,-0.0668,-0.0053,0.0014,-0.0038,normal
2026-04-22T023001-MET,MET,long_fr,2026-04-22 02:30:01,2026-04-22 09:30:04,7.001,90.0,474.0,474.2,-0.00126606565,-0.000859,0.00040706565,0.18999,0.1898,0.001000052634349154,-0.00032316,-0.000356,-3.284e-05,-0.0016,0.063,-0.0646,0.1628,-0.1644,-0.0016,normal
2026-04-22T063004-AVNT,AVNT,long_fr,2026-04-22 06:30:04,2026-04-22 12:30:04,6.0,90.0,613.0,611.4,-7.045209999999999e-05,1.1999999999999999e-05,8.245209999999998e-05,0.147285,0.1472,0.0005771124011270783,-4.658e-05,-4.8e-05,-1.42e-06,0.0233,0.063,-0.0397,0.163,-0.1397,0.0233,normal
2026-04-22T033001-AERO,AERO,short_fr,2026-04-22 03:30:01,2026-04-22 13:30:01,10.0,90.0,227.0,226.5,-2.8214649999999996e-05,-0.000157,0.00012878535,0.39694,0.39732,0.0009573235249659682,-4.42e-05,-9e-06,-3.52e-05,0.0155,0.063,-0.0475,-0.0371,0.0526,0.0155,normal
2026-04-22T113002-MET,MET,long_fr,2026-04-22 11:30:02,2026-04-22 19:30:02,8.0,90.0,478.0,477.8,-0.0002361752,-0.0001535,8.26752e-05,0.18847,0.18837,0.0005305884225605613,1.25e-05,1.2e-05,-5e-07,0.0423,0.063,-0.0207,0.0399,0.0024,0.0423,normal
2026-04-22T123004-XMR,XMR,long_fr,2026-04-22 12:30:04,2026-04-22 21:30:01,8.999,90.0,0.24,0.24,1.907405e-05,0.000143,0.00012392595,374.96,375.101,-0.00037604011094521966,7.402e-05,6.9e-05,-5.03e-06,0.0339,0.063,-0.0291,-0.0228,0.0567,0.0339,normal
2026-04-22T213001-OP,OP,long_fr,2026-04-22 21:30:01,2026-04-23 06:30:01,9.0,90.0,720.6,721.0,-4.89357e-05,1.1999999999999999e-05,6.09357e-05,0.12493,0.12482,0.0008804930761226206,1.25e-05,1.2e-05,-5e-07,0.0077,0.063,-0.0553,-0.002,0.0097,0.0077,normal
2026-04-22T133001-STABLE,STABLE,short_fr,2026-04-22 13:30:01,2026-04-23 09:30:03,20.001,90.0,3472.0,3477.0,1.25e-05,-5e-05,6.25e-05,0.025916,0.025887,-0.0011189998456552417,-5.05e-06,2e-06,-7.05e-06,0.0484,0.063,-0.0146,-0.0201,0.0686,0.0484,normal
2026-04-23T063001-WLFI,WLFI,long_fr,2026-04-23 06:30:01,2026-04-23 15:30:02,9.0,90.0,1167.0,1167.5,-7.190595000000001e-05,1.1999999999999999e-05,8.390595e-05,0.077155,0.07709,0.0008424599831507435,1.25e-05,1.2e-05,-5e-07,0.0209,0.063,-0.0421,0.0227,-0.0018,0.0209,normal
2026-04-24T133001-AZTEC,AZTEC,long_fr,2026-04-24 13:30:01,2026-04-25 01:30:06,12.001,90.0,3884.0,3879.0,-0.00019497010000000002,-2.3e-05,0.0001719701,0.023179,0.023202,-0.0009922774925578634,1.25e-05,1.2e-05,-5e-07,0.095,0.063,0.032,0.0909,0.0041,0.095,normal
